date,confirmed,Awareness,Larviciding,Fogging,irs,Ovi_Trap,Dewatering,Tyres,Debris,FishSeed,Max_Temp,Min_Temp,Max_Humidity,Min_Humidity,Rainfall
2012-01-01,0,0,0,0,0,0,0,0,0,0,20.8,7.8,93.0,61.0,0.0
2012-01-02,0,0,0,0,0,0,0,0,0,0,18.2,7.9,93.0,54.0,0.0
2012-01-03,0,0,0,0,0,0,0,0,0,0,20.0,7.3,86.0,55.0,0.0
2012-01-04,0,0,0,0,0,0,0,0,0,0,20.2,7.7,70.0,52.0,0.0
2012-01-05,0,0,0,0,0,0,0,0,0,0,18.6,8.7,93.0,49.0,0.0
2012-01-06,0,0,0,0,0,0,0,0,0,0,19.4,8.5,87.0,94.0,0.0
2012-01-07,0,0,0,0,0,0,0,0,0,0,15.1,7.5,93.0,70.0,2.4
2012-01-08,0,0,0,0,0,0,0,0,0,0,13.5,5.5,71.0,58.0,0.0
2012-01-09,0,0,0,0,0,0,0,0,0,0,15.6,5.3,78.0,49.0,0.0
2012-01-10,0,0,0,0,0,0,0,0,0,0,17.0,4.5,92.0,49.0,0.0
2012-01-11,0,0,0,0,0,0,0,0,0,0,17.5,4.4,84.0,43.0,0.0
2012-01-12,0,0,0,0,0,0,0,0,0,0,17.6,5.1,72.0,40.0,0.0
2012-01-13,0,0,0,0,0,0,0,0,0,0,19.4,6.0,78.0,66.0,0.0
2012-01-14,0,0,0,0,0,0,0,0,0,0,20.0,6.2,80.0,52.0,0.0
2012-01-15,0,0,0,0,0,0,0,0,0,0,18.3,9.0,94.0,94.0,4.0
2012-01-16,0,0,0,0,0,0,0,0,0,0,13.3,10.5,94.0,83.0,12.2
2012-01-17,0,0,0,0,0,0,0,0,0,0,14.4,11.6,94.0,69.0,0.0
2012-01-18,0,0,0,0,0,0,0,0,0,0,15.8,8.3,86.0,55.0,0.0
2012-01-19,0,0,0,0,0,0,0,0,0,0,17.3,7.3,86.0,78.0,0.0
2012-01-20,0,0,0,0,0,0,0,0,0,0,15.6,6.0,85.0,49.0,0.0
2012-01-21,0,0,0,0,0,0,0,0,0,0,16.8,6.3,85.0,36.0,0.0
2012-01-22,0,0,0,0,0,0,0,0,0,0,16.8,6.5,74.0,60.0,0.0
2012-01-23,0,0,0,0,0,0,0,0,0,0,18.0,7.5,79.0,44.0,0.0
2012-01-24,0,0,0,0,0,0,0,0,0,0,19.2,7.0,79.0,39.0,0.0
2012-01-25,0,0,0,0,0,0,0,0,0,0,18.6,8.5,70.0,37.0,0.0
2012-01-26,0,0,0,0,0,0,0,0,0,0,19.6,8.0,80.0,46.0,0.0
2012-01-27,0,0,0,0,0,0,0,0,0,0,20.0,9.0,68.0,33.0,0.0
2012-01-28,0,0,0,0,0,0,0,0,0,0,19.8,8.5,73.0,34.0,0.0
2012-01-29,0,0,0,0,0,0,0,0,0,0,20.2,6.0,79.0,36.0,0.0
2012-01-30,0,0,0,0,0,0,0,0,0,0,21.2,7.0,72.0,34.0,0.0
2012-01-31,0,0,0,0,0,0,0,0,0,0,21.5,8.7,75.0,35.0,0.0
2012-02-01,0,0,0,0,0,0,0,0,0,0,21.3,8.8,68.0,41.0,0.0
2012-02-02,0,0,0,0,0,0,0,0,0,0,21.2,9.0,63.0,38.0,0.0
2012-02-03,0,0,0,0,0,0,0,0,0,0,20.5,10.0,63.0,60.0,0.0
2012-02-04,0,0,0,0,0,0,0,0,0,0,19.2,12.0,77.0,65.0,0.0
2012-02-05,0,0,0,0,0,0,0,0,0,0,18.2,7.9,87.0,63.0,2.0
2012-02-06,0,0,0,0,0,0,0,0,0,0,20.2,8.0,87.0,40.0,0.0
2012-02-07,0,0,0,0,0,0,0,0,0,0,18.7,5.0,63.0,34.0,0.0
2012-02-08,0,0,0,0,0,0,0,0,0,0,18.2,4.8,55.0,23.0,0.0
2012-02-09,0,0,0,0,0,0,0,0,0,0,17.2,4.5,70.0,32.0,0.0
2012-02-10,0,0,0,0,0,0,0,0,0,0,19.4,6.0,59.0,31.0,0.0
2012-02-11,0,0,0,0,0,0,0,0,0,0,20.2,6.2,72.0,45.0,0.0
2012-02-12,0,0,0,0,0,0,0,0,0,0,19.5,6.0,76.0,57.0,0.4
2012-02-13,0,0,0,0,0,0,0,0,0,0,19.2,10.0,88.0,62.0,4.2
2012-02-14,0,0,0,0,0,0,0,0,0,0,20.1,9.8,75.0,36.0,0.0
2012-02-15,0,0,0,0,0,0,0,0,0,0,19.3,6.2,72.0,34.0,0.0
2012-02-16,0,0,0,0,0,0,0,0,0,0,18.2,6.0,79.0,35.0,0.0
2012-02-17,0,0,0,0,0,0,0,0,0,0,19.0,6.0,73.0,47.0,0.0
2012-02-18,0,0,0,0,0,0,0,0,0,0,18.8,6.5,63.0,38.0,0.0
2012-02-19,0,0,0,0,0,0,0,0,0,0,20.0,9.5,75.0,42.0,0.0
2012-02-20,0,0,0,0,0,0,0,0,0,0,19.3,10.0,83.0,55.0,0.2
2012-02-21,0,0,0,0,0,0,0,0,0,0,20.7,11.3,89.0,54.0,0.0
2012-02-22,0,0,0,0,0,0,0,0,0,0,22.7,12.0,67.0,40.0,0.0
2012-02-23,0,0,0,0,0,0,0,0,0,0,21.2,7.5,50.0,29.0,0.0
2012-02-24,0,0,0,0,0,0,0,0,0,0,21.2,8.3,68.0,18.0,0.0
2012-02-25,0,0,0,0,0,0,0,0,0,0,21.3,8.5,42.0,25.0,0.0
2012-02-26,0,0,0,0,0,0,0,0,0,0,22.5,8.5,51.0,26.0,0.0
2012-02-27,0,0,0,0,0,0,0,0,0,0,23.0,8.5,52.0,38.0,0.0
2012-02-28,0,0,0,0,0,0,0,0,0,0,24.4,11.5,57.0,32.0,0.0
2012-02-29,0,0,0,0,0,0,0,0,0,0,24.6,11.0,66.0,39.0,0.0
2012-03-01,0,0,0,0,0,0,0,0,0,0,26.3,11.0,77.0,34.0,0.0
2012-03-02,0,0,0,0,0,0,0,0,0,0,25.7,11.1,72.0,29.0,0.0
2012-03-03,0,0,0,0,0,0,0,0,0,0,26.0,12.4,60.0,33.0,0.0
2012-03-04,0,0,0,0,0,0,0,0,0,0,27.5,15.0,66.0,55.0,0.0
2012-03-05,0,0,0,0,0,0,0,0,0,0,27.7,15.5,81.0,65.0,4.0
2012-03-06,0,0,0,0,0,0,0,0,0,0,26.3,13.5,60.0,26.0,0.0
2012-03-07,0,0,0,0,0,0,0,0,0,0,25.6,12.0,57.0,29.0,0.0
2012-03-08,0,0,0,0,0,0,0,0,0,0,23.5,12.0,62.0,43.0,0.0
2012-03-09,0,0,0,0,0,0,0,0,0,0,23.1,11.0,66.0,33.0,0.0
2012-03-10,0,0,0,0,0,0,0,0,0,0,23.2,11.0,66.0,26.0,0.0
2012-03-11,0,0,0,0,0,0,0,0,0,0,24.2,10.6,72.0,33.0,0.0
2012-03-12,0,0,0,0,0,0,0,0,0,0,25.7,11.4,58.0,38.0,0.0
2012-03-13,0,0,0,0,0,0,0,0,0,0,26.0,11.0,72.0,46.0,6.0
2012-03-14,0,0,0,0,0,0,0,0,0,0,22.5,11.0,58.0,40.0,0.0
2012-03-15,0,0,0,0,0,0,0,0,0,0,23.4,12.4,49.0,39.0,0.0
2012-03-16,0,0,0,0,0,0,0,0,0,0,26.2,13.5,61.0,38.0,0.0
2012-03-17,0,0,0,0,0,0,0,0,0,0,28.5,15.0,71.0,36.0,0.0
2012-03-18,0,0,0,0,0,0,0,0,0,0,30.5,15.0,68.0,41.0,0.0
2012-03-19,0,0,0,0,0,0,0,0,0,0,30.6,17.8,69.0,57.0,0.0
2012-03-20,0,0,0,0,0,0,0,0,0,0,31.7,19.5,74.0,26.0,0.0
2012-03-21,0,0,0,0,0,0,0,0,0,0,23.0,12.6,39.0,26.0,0.0
2012-03-22,0,0,0,0,0,0,0,0,0,0,23.5,13.0,41.0,25.0,0.0
2012-03-23,0,0,0,0,0,0,0,0,0,0,28.0,14.0,48.0,28.0,0.0
2012-03-24,0,0,0,0,0,0,0,0,0,0,29.5,15.7,50.0,35.0,0.0
2012-03-25,0,0,0,0,0,0,0,0,0,0,30.2,17.0,50.0,29.0,0.0
2012-03-26,0,0,0,0,0,0,0,0,0,0,32.0,19.5,52.0,36.0,0.0
2012-03-27,0,0,0,0,0,0,0,0,0,0,31.3,17.7,52.0,39.0,0.0
2012-03-28,0,0,0,0,0,0,0,0,0,0,29.0,19.0,61.0,34.0,0.0
2012-03-29,0,0,0,0,0,0,0,0,0,0,30.7,17.2,56.0,30.0,0.0
2012-03-30,0,0,0,0,0,0,0,0,0,0,32.3,19.5,54.0,43.0,0.0
2012-03-31,0,0,0,0,0,0,0,0,0,0,34.3,20.0,58.0,42.0,0.0
2012-04-01,0,0,0,0,0,0,0,0,0,0,33.3,20.7,61.0,48.0,0.0
2012-04-02,0,0,0,0,0,0,0,0,0,0,34.0,21.5,48.0,31.0,0.0
2012-04-03,0,0,0,0,0,0,0,0,0,0,36.5,22.5,51.0,33.0,0.0
2012-04-04,0,0,0,0,0,0,0,0,0,0,36.1,21.6,54.0,23.0,0.0
2012-04-05,0,0,0,0,0,0,0,0,0,0,36.7,21.6,55.0,24.0,0.0
2012-04-06,0,0,0,0,0,0,0,0,0,0,36.5,19.6,51.0,26.0,0.0
2012-04-07,0,0,0,0,0,0,0,0,0,0,34.2,21.0,44.0,29.0,0.0
2012-04-08,0,0,0,0,0,0,0,0,0,0,34.1,21.5,46.0,30.0,0.0
2012-04-09,0,0,0,0,0,0,0,0,0,0,35.3,23.5,53.0,27.0,0.0
2012-04-10,0,0,0,0,0,0,0,0,0,0,36.3,21.8,40.0,40.0,0.0
2012-04-11,0,0,0,0,0,0,0,0,0,0,32.7,16.6,73.0,40.0,13.7
2012-04-12,0,0,0,0,0,0,0,0,0,0,31.5,18.5,57.0,42.0,0.0
2012-04-13,0,0,0,0,0,0,0,0,0,0,31.1,21.5,47.0,41.0,0.0
2012-04-14,0,0,0,0,0,0,0,0,0,0,32.3,17.5,72.0,38.0,9.0
2012-04-15,0,0,0,0,0,0,0,0,0,0,29.8,17.0,69.0,36.0,0.0
2012-04-16,0,0,0,0,0,0,0,0,0,0,30.5,17.0,82.0,48.0,7.2
2012-04-17,0,0,0,0,0,0,0,0,0,0,28.9,18.5,82.0,50.0,5.6
2012-04-18,0,0,0,0,0,0,0,0,0,0,30.1,19.7,68.0,39.0,0.0
2012-04-19,0,0,0,0,0,0,0,0,0,0,32.7,21.5,61.0,37.0,0.0
2012-04-20,0,0,0,0,0,0,0,0,0,0,35.2,22.7,57.0,38.0,0.0
2012-04-21,0,0,0,0,0,0,0,0,0,0,34.8,19.2,71.0,32.0,0.0
2012-04-22,0,0,0,0,0,0,0,0,0,0,33.0,20.5,60.0,42.0,0.0
2012-04-23,0,0,0,0,0,0,0,0,0,0,32.0,19.7,63.0,33.0,0.0
2012-04-24,0,0,0,0,0,0,0,0,0,0,33.4,21.5,55.0,43.0,0.0
2012-04-25,0,0,0,0,0,0,0,0,0,0,33.8,21.5,58.0,43.0,0.0
2012-04-26,0,0,0,0,0,0,0,0,0,0,32.7,19.5,67.0,40.0,0.0
2012-04-27,0,0,0,0,0,0,0,0,0,0,32.3,20.0,56.0,39.0,0.0
2012-04-28,0,0,0,0,0,0,0,0,0,0,32.7,18.8,63.0,39.0,4.4
2012-04-29,0,0,0,0,0,0,0,0,0,0,32.2,19.5,52.0,31.0,0.0
2012-04-30,0,0,0,0,0,0,0,0,0,0,33.0,16.5,62.0,32.0,10.0
2012-05-01,0,0,0,0,0,0,0,0,0,0,31.5,16.5,59.0,28.0,0.0
2012-05-02,0,0,0,0,0,0,0,0,0,0,32.5,19.5,40.0,26.0,0.0
2012-05-03,0,0,0,0,0,0,0,0,0,0,34.1,20.0,35.0,20.0,0.0
2012-05-04,0,0,0,0,0,0,0,0,0,0,35.7,22.0,49.0,19.0,0.0
2012-05-05,0,0,0,0,0,0,0,0,0,0,37.8,22.0,41.0,20.0,0.0
2012-05-06,0,0,0,0,0,0,0,0,0,0,37.7,24.7,50.0,30.0,0.0
2012-05-07,0,0,0,0,0,0,0,0,0,0,37.5,24.0,46.0,28.0,0.0
2012-05-08,0,0,0,0,0,0,0,0,0,0,38.3,25.5,43.0,21.0,0.0
2012-05-09,0,0,0,0,0,0,0,0,0,0,39.5,25.8,46.0,24.0,0.0
2012-05-10,0,0,0,0,0,0,0,0,0,0,40.5,26.0,53.0,26.0,0.2
2012-05-11,0,0,0,0,0,0,0,0,0,0,39.7,26.4,40.0,26.0,0.0
2012-05-12,0,0,0,0,0,0,0,0,0,0,39.5,24.5,49.0,24.0,0.0
2012-05-13,0,0,0,0,0,0,0,0,0,0,35.7,24.7,49.0,22.0,0.0
2012-05-14,0,0,0,0,0,0,0,0,0,0,37.0,25.4,47.0,16.0,0.0
2012-05-15,0,0,0,0,0,0,0,0,0,0,38.5,24.9,44.0,20.0,0.0
2012-05-16,0,0,0,0,0,0,0,0,0,0,40.5,25.0,38.0,21.0,0.0
2012-05-17,0,0,0,0,0,0,0,0,0,0,41.5,27.8,37.0,29.0,0.0
2012-05-18,0,0,0,0,0,0,0,0,0,0,39.6,27.7,37.0,23.0,0.0
2012-05-19,0,0,0,0,0,0,0,0,0,0,39.5,26.0,34.0,16.0,0.0
2012-05-20,0,0,0,0,0,0,0,0,0,0,41.3,26.5,39.0,19.0,0.0
2012-05-21,0,0,0,0,0,0,0,0,0,0,40.5,25.4,38.0,18.0,0.0
2012-05-22,0,0,0,0,0,0,0,0,0,0,39.6,26.0,35.0,19.0,0.0
2012-05-23,0,0,0,0,0,0,0,0,0,0,40.4,25.5,28.0,15.0,0.0
2012-05-24,0,0,0,0,0,0,0,0,0,0,41.4,27.0,25.0,12.0,0.0
2012-05-25,0,0,0,0,0,0,0,0,0,0,42.5,29.0,30.0,21.0,0.0
2012-05-26,0,0,0,0,0,0,0,0,0,0,40.7,26.2,35.0,18.0,0.0
2012-05-27,0,0,0,0,0,0,0,0,0,0,40.2,27.4,37.0,17.0,0.0
2012-05-28,0,0,0,0,0,0,0,0,0,0,41.0,27.7,29.0,14.0,0.0
2012-05-29,0,0,0,0,0,0,0,0,0,0,43.0,27.0,24.0,12.0,0.0
2012-05-30,0,0,0,0,0,0,0,0,0,0,44.2,29.9,24.0,12.0,0.0
2012-05-31,0,0,0,0,0,0,0,0,0,0,46.0,31.2,31.0,16.0,0.0
2012-06-01,0,0,0,0,0,0,0,0,0,0,45.5,31.0,26.0,18.0,0.0
2012-06-02,0,0,0,0,0,0,0,0,0,0,44.0,30.5,21.0,12.0,0.0
2012-06-03,0,0,0,0,0,0,0,0,0,0,45.0,31.0,36.0,15.0,0.0
2012-06-04,0,0,0,0,0,0,0,0,0,0,44.4,31.0,34.0,28.0,0.0
2012-06-05,0,0,0,0,0,0,0,0,0,0,43.0,29.4,40.0,24.0,0.0
2012-06-06,0,0,0,0,0,0,0,0,0,0,43.3,25.8,57.0,31.0,0.0
2012-06-07,0,0,0,0,0,0,0,0,0,0,36.0,26.0,44.0,63.0,0.0
2012-06-08,0,0,0,0,0,0,0,0,0,0,39.2,23.2,60.0,28.0,10.8
2012-06-09,0,0,0,0,0,0,0,0,0,0,37.0,26.5,48.0,29.0,0.0
2012-06-10,0,0,0,0,0,0,0,0,0,0,39.5,28.0,35.0,32.0,0.0
2012-06-11,0,0,0,0,0,0,0,0,0,0,41.6,24.0,51.0,26.0,0.0
2012-06-12,0,0,0,0,0,0,0,0,0,0,40.0,27.0,31.0,18.0,0.0
2012-06-13,0,0,0,0,0,0,0,0,0,0,42.5,27.2,43.0,20.0,0.0
2012-06-14,0,0,0,0,0,0,0,0,0,0,41.0,27.8,37.0,16.0,0.0
2012-06-15,0,0,0,0,0,0,0,0,0,0,42.7,30.5,35.0,15.0,0.0
2012-06-16,0,0,0,0,0,0,0,0,0,0,44.0,31.5,46.0,20.0,0.0
2012-06-17,0,0,0,0,0,0,0,0,0,0,44.1,31.0,41.0,22.0,0.0
2012-06-18,0,0,0,0,0,0,0,0,0,0,44.3,30.6,36.0,29.0,0.0
2012-06-19,0,0,0,0,0,0,0,0,0,0,39.5,29.5,46.0,17.0,2.4
2012-06-20,0,19,8,0,1,0,12,26,34,21,42.5,31.3,37.0,19.0,0.0
2012-06-21,0,3,0,0,2,0,4,3,12,6,44.4,31.8,44.0,26.0,0.0
2012-06-22,0,2,1,0,0,0,3,5,14,4,43.7,31.2,49.0,29.0,0.0
2012-06-23,0,0,2,0,0,0,5,4,17,8,42.8,29.5,64.0,35.0,0.0
2012-06-24,0,0,0,0,0,0,1,1,1,3,41.5,30.0,44.0,33.0,0.0
2012-06-25,0,6,1,0,0,0,6,11,22,8,42.5,26.8,61.0,34.0,0.0
2012-06-26,0,5,1,0,0,0,5,6,17,11,39.1,27.0,40.0,36.0,0.0
2012-06-27,0,10,0,0,0,0,4,0,8,0,40.2,28.7,49.0,41.0,0.0
2012-06-28,0,1,0,0,1,0,4,0,8,1,39.5,26.3,47.0,30.0,0.0
2012-06-29,0,3,0,0,0,0,4,9,10,2,41.0,27.5,53.0,24.0,0.0
2012-06-30,0,0,0,0,0,0,0,0,0,0,41.5,29.0,44.0,27.0,0.0
2012-07-01,0,0,0,0,1,0,1,0,2,0,42.7,31.5,52.0,26.0,0.0
2012-07-02,0,4,1,3,0,0,5,7,38,13,44.3,30.5,52.0,26.0,0.0
2012-07-03,0,4,0,0,0,0,9,8,44,12,44.3,32.4,57.0,24.0,0.0
2012-07-04,0,22,0,0,2,0,8,5,31,22,44.0,28.0,75.0,50.0,0.0
2012-07-05,0,8,1,0,0,0,3,2,34,15,39.5,28.3,75.0,52.0,0.0
2012-07-06,0,2,0,0,0,0,6,1,31,5,38.4,27.0,67.0,38.0,0.0
2012-07-07,0,21,3,1,0,0,6,2,47,18,40.3,27.5,68.0,55.0,0.0
2012-07-08,0,0,0,0,0,0,3,0,32,1,35.2,25.6,78.0,58.0,0.0
2012-07-09,0,3,3,0,0,0,5,2,20,12,36.0,28.0,75.0,42.0,0.0
2012-07-10,0,2,3,0,2,0,4,0,28,9,39.0,30.0,59.0,76.0,24.6
2012-07-11,0,5,1,0,1,0,3,0,3,4,39.3,24.4,72.0,49.0,0.0
2012-07-12,0,5,10,0,1,0,5,0,8,2,38.1,27.0,78.0,51.0,0.0
2012-07-13,0,26,0,0,1,0,5,0,6,4,37.2,27.0,68.0,78.0,0.0
2012-07-14,0,22,6,0,1,0,4,2,70,9,33.3,25.0,81.0,54.0,4.8
2012-07-15,0,0,0,0,0,0,0,1,3,0,35.0,22.8,73.0,52.0,0.0
2012-07-16,0,7,1,0,1,0,41,5,56,10,35.5,24.0,59.0,50.0,0.0
2012-07-17,0,1,7,0,2,0,20,3,53,7,37.0,28.0,72.0,39.0,0.0
2012-07-18,0,4,7,1,1,0,10,8,69,6,39.7,30.0,64.0,42.0,0.0
2012-07-19,0,1,4,0,0,0,6,0,70,0,40.5,26.5,59.0,47.0,4.5
2012-07-20,0,12,0,0,1,0,13,14,41,3,39.3,28.7,73.0,57.0,0.0
2012-07-21,0,5,4,0,0,0,8,6,49,1,37.7,27.5,78.0,46.0,0.0
2012-07-22,0,0,0,0,0,0,2,0,14,0,37.7,28.6,70.0,67.0,0.0
2012-07-23,0,95,9,2,2,0,12,4,62,11,39.4,29.5,67.0,52.0,0.0
2012-07-24,0,4,11,0,5,0,6,3,45,25,39.5,30.2,73.0,62.0,1.8
2012-07-25,0,13,9,0,8,0,32,24,80,7,38.5,28.0,65.0,54.0,2.0
2012-07-26,0,6,30,0,0,0,25,7,43,2,37.7,24.0,80.0,55.0,0.0
2012-07-27,0,18,12,0,3,0,16,10,44,5,35.6,25.0,79.0,51.0,0.0
2012-07-28,0,2,5,0,0,0,18,0,74,3,37.4,29.5,67.0,57.0,0.0
2012-07-29,0,11,7,0,5,0,15,10,9,0,38.5,28.7,79.0,58.0,0.0
2012-07-30,0,23,31,0,1,0,14,10,78,10,37.2,27.0,78.0,67.0,0.0
2012-07-31,0,39,37,0,4,0,21,9,50,2,34.5,27.0,82.0,58.0,0.0
2012-08-01,0,13,13,0,0,0,25,3,52,6,38.4,27.0,85.0,61.0,0.0
2012-08-02,0,38,0,0,0,0,18,12,35,3,36.6,28.4,86.0,43.0,0.0
2012-08-03,0,26,19,0,0,0,11,6,38,6,39.5,29.3,61.0,46.0,0.0
2012-08-04,0,8,1,1,0,0,23,16,55,8,38.5,28.2,78.0,100.0,0.0
2012-08-05,0,1,0,0,0,0,6,0,1,0,35.4,20.0,96.0,75.0,110.0
2012-08-06,0,11,21,0,1,0,49,13,36,10,30.7,22.0,81.0,59.0,0.0
2012-08-07,0,12,5,1,2,0,7,1,56,6,34.0,27.0,75.0,67.0,0.0
2012-08-08,0,8,17,0,0,0,17,4,45,3,36.0,27.5,75.0,67.0,0.0
2012-08-09,0,1,6,0,2,0,11,4,28,3,34.0,25.5,75.0,60.0,0.0
2012-08-10,0,21,7,0,1,0,13,0,26,16,36.3,25.6,81.0,69.0,0.0
2012-08-11,0,37,52,0,0,0,29,12,20,4,31.7,26.5,78.0,70.0,42.4
2012-08-12,0,1,2,0,0,0,18,5,30,0,32.5,24.3,81.0,69.0,1.2
2012-08-13,0,0,3,0,2,0,8,7,54,1,32.5,26.3,85.0,65.0,1.2
2012-08-14,0,0,0,0,0,0,2,2,8,0,33.8,27.5,75.0,74.0,0.0
2012-08-15,0,25,4,0,0,0,20,4,36,7,34.2,25.0,96.0,67.0,9.2
2012-08-16,0,23,9,0,1,1,38,0,64,23,32.6,25.5,82.0,62.0,0.0
2012-08-17,0,13,21,2,0,1,15,1,56,1,35.2,28.3,79.0,93.0,0.0
2012-08-18,0,13,2,0,0,0,14,3,63,0,34.8,26.3,82.0,63.0,18.6
2012-08-19,0,8,20,1,1,0,4,0,23,0,36.7,28.5,79.0,57.0,0.0
2012-08-20,0,2,3,0,1,0,6,1,14,0,35.7,27.0,89.0,76.0,0.0
2012-08-21,0,2,22,1,1,0,20,5,8,0,33.2,26.0,85.0,67.0,0.0
2012-08-22,0,4,33,0,0,0,3,2,15,0,33.8,25.2,88.0,85.0,0.2
2012-08-23,0,13,26,0,0,0,18,3,22,1,28.4,24.5,88.0,62.0,0.5
2012-08-24,0,8,10,0,0,0,8,4,16,1,33.7,26.7,82.0,73.0,0.0
2012-08-25,0,5,25,11,1,0,13,3,42,0,34.8,26.9,85.0,92.0,0.0
2012-08-26,0,36,5,0,3,0,26,3,73,1,34.0,25.0,92.0,67.0,11.0
2012-08-27,0,13,1,0,0,5,2,7,8,0,33.5,26.7,85.0,67.0,0.0
2012-08-28,0,49,13,0,0,0,9,4,20,1,33.4,26.5,81.0,69.0,0.0
2012-08-29,0,20,0,0,0,4,5,4,14,0,31.7,26.3,85.0,69.0,2.8
2012-08-30,0,17,0,0,0,20,4,0,17,4,34.7,26.5,81.0,65.0,0.0
2012-08-31,0,59,51,1,4,6,6,5,19,26,35.0,23.5,88.0,68.0,0.0
2012-09-01,0,34,6,0,0,23,12,1,78,10,35.2,27.5,82.0,62.0,0.0
2012-09-02,0,37,124,0,6,3,7,2,22,29,35.5,28.6,76.0,67.0,0.0
2012-09-03,1,48,142,1,8,24,16,1,12,9,36.2,25.5,81.0,70.0,1.0
2012-09-04,0,46,97,0,7,18,0,0,6,6,33.7,26.0,85.0,92.0,0.0
2012-09-05,0,47,100,0,1,6,1,0,2,21,33.0,24.0,85.0,92.0,17.8
2012-09-06,7,53,91,3,13,28,14,2,44,10,31.0,25.8,81.0,58.0,14.9
2012-09-07,11,34,112,1,22,65,21,1,12,16,34.0,25.0,81.0,61.0,0.0
2012-09-08,0,39,77,0,6,1,5,4,30,8,34.3,26.4,74.0,96.0,0.8
2012-09-09,5,127,166,9,20,16,10,7,10,19,28.7,24.6,96.0,88.0,24.6
2012-09-10,1,44,81,1,7,16,36,6,9,5,28.0,23.5,84.0,61.0,0.0
2012-09-11,9,65,142,5,8,3,10,4,18,10,34.5,26.1,78.0,62.0,0.0
2012-09-12,2,21,87,1,6,0,3,5,31,19,35.2,27.3,82.0,60.0,0.0
2012-09-13,1,53,113,2,4,1,6,5,36,6,35.0,27.5,75.0,64.0,0.0
2012-09-14,1,32,89,1,3,2,6,5,82,13,36.0,27.9,79.0,62.0,0.0
2012-09-15,4,66,92,6,21,0,24,6,39,2,35.7,22.0,100.0,75.0,11.0
2012-09-16,1,2,43,0,5,0,6,1,11,0,32.3,22.7,88.0,72.0,6.4
2012-09-17,2,38,136,2,1,3,30,5,42,5,32.5,20.7,100.0,88.0,46.5
2012-09-18,6,23,227,8,26,3,64,15,70,4,28.6,20.8,96.0,74.0,76.4
2012-09-19,8,40,281,1,15,10,37,16,44,0,29.6,21.0,88.0,66.0,0.0
2012-09-20,3,43,303,10,28,7,32,18,63,1,31.7,23.0,77.0,61.0,0.0
2012-09-21,0,0,1,0,0,0,0,0,6,0,33.1,24.6,81.0,51.0,0.0
2012-09-22,5,35,227,2,29,7,36,11,67,0,33.8,23.9,77.0,36.0,0.0
2012-09-23,1,6,200,0,31,11,16,17,10,1,34.3,24.0,81.0,38.0,0.0
2012-09-24,13,28,177,0,20,2,20,14,35,1,34.3,23.2,77.0,43.0,0.0
2012-09-25,4,303,338,23,48,15,41,6,68,0,34.8,23.0,63.0,42.0,0.0
2012-09-26,2,71,180,4,69,7,33,21,37,2,35.6,23.0,60.0,48.0,0.0
2012-09-27,2,63,196,6,44,6,39,29,40,15,34.5,23.8,63.0,50.0,0.0
2012-09-28,3,58,187,5,40,5,53,10,39,4,34.0,22.5,66.0,43.0,0.0
2012-09-29,8,133,242,7,73,9,47,12,48,16,34.9,22.9,73.0,48.0,0.0
2012-09-30,0,19,97,4,15,2,14,3,33,0,35.2,27.5,63.0,46.0,0.0
2012-10-01,2,39,178,0,25,9,24,9,43,10,35.3,21.8,63.0,41.0,0.0
2012-10-02,1,67,127,3,49,1,17,7,25,9,35.4,22.5,63.0,44.0,0.0
2012-10-03,1,52,170,4,22,12,32,9,18,11,35.2,22.2,72.0,46.0,0.0
2012-10-04,5,37,144,2,11,6,13,11,23,16,35.1,21.0,64.0,50.0,0.0
2012-10-05,7,34,62,0,9,4,39,10,24,9,34.5,21.5,73.0,37.0,0.0
2012-10-06,2,44,302,1,37,5,39,8,55,13,35.0,21.0,69.0,31.0,0.0
2012-10-07,1,8,40,5,13,5,5,3,31,0,35.2,20.0,68.0,35.0,0.0
2012-10-08,2,42,144,0,14,4,32,4,36,2,35.0,20.3,71.0,34.0,0.0
2012-10-09,1,46,155,3,17,2,27,11,33,18,33.5,20.0,71.0,41.0,0.0
2012-10-10,1,33,148,3,20,0,32,11,70,16,33.3,19.7,68.0,39.0,0.0
2012-10-11,4,45,137,8,52,1,18,20,24,9,33.7,20.2,75.0,38.0,0.0
2012-10-12,1,34,124,6,17,0,14,4,13,0,33.2,20.4,71.0,43.0,0.0
2012-10-13,0,44,150,10,43,1,8,8,19,8,32.7,20.3,75.0,43.0,0.0
2012-10-14,0,2,22,8,10,2,0,3,17,1,32.5,20.6,68.0,41.0,0.0
2012-10-15,0,15,62,0,0,0,6,2,18,7,33.0,21.0,56.0,85.0,0.0
2012-10-16,2,12,39,0,7,0,32,3,30,2,24.2,14.8,81.0,50.0,21.2
2012-10-17,1,11,49,0,2,0,30,9,18,11,28.3,16.0,82.0,50.0,0.0
2012-10-18,1,8,46,6,9,1,10,3,16,0,29.5,17.5,77.0,46.0,0.0
2012-10-19,1,12,52,4,0,0,6,6,18,1,30.5,18.7,78.0,48.0,0.0
2012-10-20,0,1,7,0,6,0,3,0,1,0,30.7,18.0,65.0,50.0,0.0
2012-10-21,0,0,0,0,1,0,0,0,0,0,28.6,17.0,65.0,47.0,0.0
2012-10-22,0,0,3,0,14,0,0,0,0,0,29.6,17.3,70.0,38.0,0.0
2012-10-23,0,0,7,0,11,0,5,1,2,0,29.7,16.8,77.0,44.0,0.0
2012-10-24,0,4,4,0,11,0,1,0,0,0,29.3,15.0,76.0,47.0,7.6
2012-10-25,0,3,1,0,8,0,1,2,1,0,26.1,14.0,75.0,39.0,0.0
2012-10-26,0,0,0,0,0,0,4,0,0,0,27.7,14.5,80.0,43.0,0.0
2012-10-27,0,0,0,0,0,0,0,0,0,0,28.0,14.5,80.0,49.0,0.0
2012-10-28,0,0,0,0,1,0,0,0,0,0,28.0,15.0,80.0,47.0,0.0
2012-10-29,0,0,0,0,0,0,0,0,2,0,28.7,16.0,73.0,50.0,0.0
2012-10-30,0,1,0,0,1,0,0,0,0,0,29.0,15.8,81.0,51.0,0.0
2012-10-31,0,0,0,0,7,0,0,0,0,0,29.5,16.4,81.0,51.0,0.0
2012-11-01,0,6,0,0,0,0,0,0,1,0,29.5,16.4,85.0,51.0,0.0
2012-11-02,0,0,0,0,1,0,0,0,1,0,29.4,16.2,86.0,42.0,0.0
2012-11-03,0,0,3,0,16,0,2,0,0,0,29.8,15.9,81.0,47.0,0.0
2012-11-04,0,0,0,0,0,0,0,0,0,0,29.4,16.0,86.0,44.0,0.0
2012-11-05,0,1,3,1,11,0,3,0,0,0,29.7,17.0,81.0,50.0,0.0
2012-11-06,0,0,1,0,12,0,2,2,0,0,29.0,15.1,66.0,43.0,0.0
2012-11-07,0,0,0,0,6,0,0,0,1,0,29.0,14.6,80.0,43.0,0.0
2012-11-08,0,3,0,0,4,2,0,0,0,0,28.1,14.8,80.0,49.0,0.0
2012-11-09,0,0,0,0,0,0,0,0,0,0,27.6,14.5,80.0,55.0,0.0
2012-11-10,0,6,0,0,7,1,0,0,0,0,27.7,15.0,75.0,54.0,0.0
2012-11-11,0,0,0,0,0,0,0,0,0,0,26.0,13.5,84.0,51.0,0.0
2012-11-12,0,1,0,0,1,1,0,0,0,0,27.0,13.6,84.0,64.0,0.0
2012-11-13,0,2,0,0,1,1,0,0,0,0,25.8,13.0,89.0,64.0,0.0
2012-11-14,0,1,0,0,4,1,1,0,1,0,25.6,13.0,80.0,56.0,0.0
2012-11-15,0,0,0,0,1,0,0,0,0,0,25.6,12.7,84.0,50.0,0.0
2012-11-16,0,1,0,0,0,1,0,0,0,0,26.2,12.0,83.0,50.0,0.0
2012-11-17,0,2,2,0,3,0,1,0,0,0,26.2,12.5,84.0,60.0,0.0
2012-11-18,0,0,0,0,0,0,0,0,0,0,25.6,12.8,75.0,49.0,0.0
2012-11-19,0,0,2,0,6,1,0,0,1,0,25.4,11.5,78.0,39.0,0.0
2012-11-20,0,0,0,0,0,0,0,0,0,0,26.7,12.0,68.0,36.0,0.0
2012-11-21,0,0,0,0,2,0,0,0,0,0,26.4,12.4,64.0,35.0,0.0
2012-11-22,0,1,0,0,0,0,0,0,0,0,25.8,10.5,82.0,45.0,0.0
2012-11-23,0,0,0,0,0,0,0,0,0,0,25.1,10.5,83.0,51.0,0.0
2012-11-24,0,0,0,0,0,0,0,0,0,0,25.0,11.5,72.0,51.0,0.0
2012-11-25,0,0,0,0,0,0,0,0,0,0,24.3,11.5,62.0,36.0,0.0
2012-11-26,0,0,0,0,0,0,0,0,0,0,24.5,9.6,67.0,43.0,0.0
2012-11-27,0,0,0,0,0,0,0,0,0,0,24.5,8.5,75.0,37.0,0.0
2012-11-28,0,0,0,0,0,0,0,0,0,0,25.0,9.5,77.0,44.0,0.0
2012-11-29,0,0,0,0,0,0,0,0,0,0,25.0,10.5,79.0,53.0,0.0
2012-11-30,0,0,1,0,0,0,0,0,0,0,21.8,8.7,82.0,44.0,0.2
2012-12-01,0,0,0,0,0,0,0,0,0,0,22.0,8.0,69.0,45.0,0.0
2012-12-02,0,0,0,0,0,0,0,0,0,0,23.5,8.0,81.0,48.0,0.0
2012-12-03,0,0,0,0,0,0,0,0,0,0,21.0,7.5,87.0,52.0,0.0
2012-12-04,0,0,0,0,7,0,0,0,0,0,22.6,6.2,79.0,42.0,0.0
2012-12-05,0,0,0,0,3,0,0,0,0,0,24.0,6.5,81.0,36.0,0.0
2012-12-06,0,0,0,0,0,0,2,0,0,0,24.2,7.0,75.0,40.0,0.0
2012-12-07,0,0,0,0,5,0,0,0,0,0,24.5,8.7,67.0,42.0,0.0
2012-12-08,0,0,1,0,0,0,0,0,1,0,26.2,7.8,76.0,43.0,0.0
2012-12-09,0,0,0,0,0,0,0,0,0,0,26.4,9.5,82.0,36.0,0.0
2012-12-10,0,0,0,0,0,0,0,0,0,0,26.3,9.5,77.0,54.0,0.0
2012-12-11,0,0,0,0,1,0,0,0,0,0,24.0,9.0,82.0,60.0,0.0
2012-12-12,0,0,0,0,0,0,0,0,0,0,22.0,8.0,87.0,66.0,0.0
2012-12-13,0,0,0,0,2,0,0,0,0,0,19.0,8.9,72.0,94.0,0.0
2012-12-14,0,0,0,0,0,0,0,0,2,0,16.6,10.5,94.0,84.0,15.6
2012-12-15,0,0,2,0,1,0,0,0,0,0,16.9,9.4,94.0,79.0,0.0
2012-12-16,0,0,0,0,0,0,0,0,0,0,17.2,9.6,88.0,58.0,0.0
2012-12-17,0,1,1,0,1,0,0,0,2,0,19.7,9.0,76.0,66.0,0.0
2012-12-18,0,0,1,0,0,0,1,0,0,0,19.3,9.3,78.0,55.0,0.0
2012-12-19,0,0,0,0,0,0,2,0,0,0,22.1,7.5,74.0,32.0,0.0
2012-12-20,0,0,0,0,0,0,0,0,0,0,21.0,7.0,74.0,40.0,0.0
2012-12-21,0,0,0,0,0,0,0,0,2,0,22.2,7.6,81.0,55.0,0.0
2012-12-22,0,0,0,0,0,0,3,0,0,0,21.7,7.0,86.0,48.0,0.0
2012-12-23,0,0,0,0,0,0,0,0,0,0,22.4,6.0,86.0,88.0,0.0
2012-12-24,0,0,0,0,0,0,0,1,0,0,10.0,6.5,100.0,88.0,0.0
2012-12-25,0,0,0,0,0,0,0,0,0,0,15.0,6.5,100.0,78.0,0.0
2012-12-26,0,0,0,0,0,0,0,0,0,0,15.0,6.5,100.0,88.0,0.0
2012-12-27,0,0,0,0,0,0,0,0,0,0,14.7,7.0,87.0,78.0,0.0
2012-12-28,0,0,0,0,0,0,0,0,2,0,16.0,7.1,87.0,88.0,0.0
2012-12-29,0,0,0,0,0,0,0,0,0,0,14.2,3.8,100.0,87.0,5.4
2012-12-30,0,0,0,0,0,0,0,0,0,0,11.5,4.0,100.0,87.0,0.0
2012-12-31,0,0,0,0,0,0,0,0,1,0,10.2,4.0,100.0,87.0,0.0
2013-01-01,0,0,0,0,0,0,0,0,0,0,9.7,6.0,93.0,87.0,0.0
2013-01-02,0,1,0,0,0,0,0,0,2,0,10.2,6.2,93.0,81.0,0.0
2013-01-03,0,0,0,0,0,0,0,0,0,0,10.5,5.5,93.0,81.0,0.0
2013-01-04,0,0,0,0,0,0,0,0,0,0,13.5,4.6,92.0,86.0,0.0
2013-01-05,0,1,0,0,0,0,0,0,0,0,9.0,4.0,92.0,80.0,0.0
2013-01-06,0,0,0,0,0,0,0,0,0,0,10.0,4.2,85.0,79.0,0.0
2013-01-07,0,0,0,0,0,0,0,0,0,0,9.7,2.9,92.0,79.0,0.0
2013-01-08,0,0,0,0,0,0,0,0,0,0,8.5,2.5,92.0,81.0,0.0
2013-01-09,0,0,0,0,0,0,0,0,0,0,10.4,2.5,92.0,54.0,0.2
2013-01-10,0,0,0,0,0,0,0,0,0,0,16.7,4.0,79.0,46.0,0.0
2013-01-11,0,0,0,0,0,0,1,0,2,0,20.7,6.0,80.0,34.0,0.0
2013-01-12,0,0,0,0,0,0,0,0,0,0,21.9,7.0,83.0,52.0,0.1
2013-01-13,0,0,0,0,0,0,0,0,0,0,22.0,10.5,82.0,59.0,0.0
2013-01-14,0,0,0,0,0,0,0,0,0,0,20.7,5.5,86.0,44.0,0.0
2013-01-15,0,0,0,0,0,0,0,0,0,0,19.5,4.7,85.0,46.0,0.0
2013-01-16,0,0,0,0,0,0,0,0,0,0,19.5,5.0,79.0,62.0,0.0
2013-01-17,0,0,0,0,0,0,0,0,1,0,19.3,6.2,77.0,83.0,0.0
2013-01-18,0,0,0,0,0,0,0,0,0,0,14.5,10.0,94.0,94.0,3.0
2013-01-19,0,0,0,0,0,0,0,0,0,0,13.5,6.3,100.0,46.0,10.0
2013-01-20,0,0,0,0,0,0,0,0,0,0,14.6,4.5,100.0,52.0,0.0
2013-01-21,0,0,0,0,0,0,0,0,0,0,17.7,4.5,85.0,41.0,0.0
2013-01-22,0,1,0,0,0,0,1,0,0,0,18.6,4.5,85.0,44.0,0.0
2013-01-23,0,1,1,0,0,0,0,1,0,0,20.0,4.2,85.0,38.0,0.0
2013-01-24,0,0,0,0,0,0,0,0,0,0,19.0,4.6,86.0,36.0,0.0
2013-01-25,0,0,0,0,0,0,0,0,0,0,20.3,5.4,85.0,37.0,0.0
2013-01-26,0,0,0,0,0,0,0,0,0,0,21.5,5.5,73.0,41.0,0.0
2013-01-27,0,0,0,0,0,0,0,0,0,0,21.6,7.0,67.0,46.0,0.0
2013-01-28,0,0,0,0,0,0,0,0,0,0,21.5,7.0,87.0,43.0,0.0
2013-01-29,0,0,0,0,0,0,1,0,0,0,23.0,7.4,87.0,49.0,0.0
2013-01-30,0,1,0,0,0,0,0,0,0,0,23.2,7.8,87.0,54.0,0.0
2013-01-31,0,0,1,0,0,0,1,0,0,0,22.2,8.2,88.0,55.0,0.0
2013-02-01,0,0,0,0,0,0,0,0,0,0,22.8,9.5,82.0,49.0,0.0
2013-02-02,0,0,0,0,0,0,0,0,0,0,22.7,10.2,65.0,50.0,0.0
2013-02-03,0,0,0,0,0,0,0,0,0,0,23.5,10.8,67.0,79.0,0.0
2013-02-04,0,0,0,0,0,0,0,0,1,0,18.7,10.5,94.0,70.0,14.8
2013-02-05,0,0,0,0,0,0,0,0,0,0,17.7,11.5,74.0,72.0,0.7
2013-02-06,0,1,0,0,0,0,1,0,0,0,16.0,6.9,86.0,58.0,10.4
2013-02-07,0,0,0,0,0,0,1,0,0,0,19.0,7.5,87.0,50.0,0.0
2013-02-08,0,0,0,0,0,0,0,0,0,0,20.0,7.8,81.0,49.0,0.0
2013-02-09,0,0,0,0,0,0,0,0,0,0,21.7,8.0,87.0,49.0,0.0
2013-02-10,0,0,0,0,0,0,0,0,0,0,21.7,8.0,87.0,52.0,0.0
2013-02-11,0,0,0,0,0,0,0,0,0,0,22.2,8.3,88.0,53.0,0.0
2013-02-12,0,0,0,0,0,0,0,0,1,0,21.5,9.0,88.0,47.0,0.0
2013-02-13,0,2,1,0,0,0,0,0,0,0,23.3,9.5,67.0,35.0,0.0
2013-02-14,0,0,0,0,0,0,1,0,0,0,24.5,10.5,71.0,45.0,0.0
2013-02-15,0,0,0,0,0,0,1,0,0,0,23.5,10.5,73.0,66.0,0.1
2013-02-16,0,0,0,0,0,0,1,0,0,0,18.1,11.1,94.0,94.0,2.6
2013-02-17,0,0,0,0,0,0,0,0,0,0,14.5,10.5,94.0,71.0,19.0
2013-02-18,0,0,0,0,0,0,0,0,0,0,18.0,9.0,94.0,64.0,0.0
2013-02-19,0,20,0,0,0,0,1,0,0,0,21.0,9.4,88.0,57.0,0.0
2013-02-20,0,0,0,0,0,0,0,0,0,0,21.6,11.5,89.0,58.0,0.0
2013-02-21,0,0,0,0,0,0,0,0,0,0,23.4,11.6,84.0,78.0,0.0
2013-02-22,0,1,0,0,0,0,0,0,0,0,19.0,11.0,89.0,73.0,5.3
2013-02-23,0,0,0,0,0,0,1,0,0,0,21.0,11.2,89.0,89.0,1.0
2013-02-24,0,0,0,0,0,0,0,0,0,0,15.5,10.5,88.0,64.0,3.2
2013-02-25,0,1,6,0,1,0,0,1,0,0,20.5,10.0,88.0,55.0,0.0
2013-02-26,0,0,0,0,0,0,3,0,0,0,20.4,11.2,89.0,72.0,0.0
2013-02-27,0,0,0,0,0,0,1,0,0,0,20.5,12.0,84.0,46.0,14.0
2013-02-28,0,0,0,0,0,0,1,1,0,0,22.6,9.5,88.0,50.0,0.0
2013-03-01,0,0,0,0,0,0,0,0,0,0,22.5,9.0,70.0,48.0,0.0
2013-03-02,0,0,0,0,0,0,1,0,0,0,23.2,9.6,77.0,41.0,0.0
2013-03-03,0,0,0,0,0,0,0,0,0,0,26.0,10.3,78.0,46.0,0.0
2013-03-04,0,1,0,0,0,0,2,4,0,0,27.5,12.7,84.0,44.0,0.0
2013-03-05,0,3,0,0,0,0,0,1,1,0,28.2,13.5,84.0,48.0,0.0
2013-03-06,0,0,0,0,0,0,0,0,1,0,28.5,14.0,76.0,40.0,0.0
2013-03-07,0,0,0,0,0,0,0,2,0,0,29.5,15.5,81.0,49.0,0.0
2013-03-08,0,0,0,0,0,0,1,0,0,0,30.5,15.0,80.0,35.0,0.0
2013-03-09,0,28,0,0,0,0,7,7,2,0,30.0,15.5,81.0,50.0,0.0
2013-03-10,0,0,0,0,0,0,0,0,0,0,29.6,15.5,80.0,40.0,0.0
2013-03-11,0,0,0,0,0,0,0,2,0,0,30.0,15.5,72.0,48.0,0.0
2013-03-12,0,3,0,0,1,0,6,4,0,0,29.8,16.5,81.0,47.0,0.0
2013-03-13,0,16,1,0,1,0,13,10,0,0,28.3,16.0,76.0,51.0,0.0
2013-03-14,0,0,0,0,0,0,17,0,0,0,26.3,14.4,80.0,54.0,2.4
2013-03-15,0,0,0,0,0,0,7,6,0,0,26.0,12.6,75.0,47.0,5.0
2013-03-16,0,9,0,0,0,0,4,5,0,0,25.5,13.5,75.0,43.0,0.0
2013-03-17,0,0,0,0,0,0,0,0,0,0,27.3,14.4,80.0,44.0,0.0
2013-03-18,0,0,0,0,0,0,0,9,0,0,28.0,16.5,67.0,47.0,0.0
2013-03-19,0,17,1,0,0,0,0,0,3,0,28.0,16.4,68.0,45.0,0.0
2013-03-20,0,11,1,0,0,0,0,2,0,0,29.2,16.9,73.0,46.0,0.0
2013-03-21,0,9,0,0,0,0,0,35,1,0,30.3,16.7,72.0,43.0,0.0
2013-03-22,0,9,0,0,5,0,0,0,0,0,29.6,18.0,65.0,38.0,0.0
2013-03-23,0,0,0,0,0,0,0,0,0,0,30.6,17.5,67.0,51.0,0.0
2013-03-24,0,0,0,0,0,0,0,0,0,0,29.5,15.0,76.0,49.0,10.0
2013-03-25,0,0,0,0,0,0,0,0,0,0,26.7,13.2,65.0,37.0,0.0
2013-03-26,0,0,2,0,0,0,2,6,2,0,27.3,14.2,71.0,36.0,0.0
2013-03-27,0,0,0,0,2,0,0,0,0,0,29.0,15.0,73.0,42.0,0.0
2013-03-28,0,1,0,0,0,0,0,0,0,0,29.3,17.5,62.0,59.0,0.1
2013-03-29,0,0,0,0,0,0,0,0,0,0,27.3,16.5,72.0,36.0,1.6
2013-03-30,0,0,0,0,0,0,0,3,0,0,28.1,17.0,66.0,38.0,0.1
2013-03-31,0,0,0,0,0,0,0,0,0,0,30.1,17.0,56.0,36.0,0.0
2013-04-01,0,0,0,0,0,0,0,0,0,0,32.0,18.5,66.0,34.0,0.0
2013-04-02,0,1,0,0,0,0,0,1,0,0,32.4,17.0,47.0,38.0,0.0
2013-04-03,0,0,0,0,0,0,0,0,0,0,30.1,16.5,51.0,31.0,0.1
2013-04-04,0,0,8,0,0,0,13,29,12,0,30.3,18.2,51.0,29.0,0.0
2013-04-05,0,0,4,0,2,0,1,1,0,0,31.0,16.3,44.0,25.0,0.0
2013-04-06,0,0,1,0,2,0,0,0,0,0,32.0,17.6,56.0,25.0,0.0
2013-04-07,0,0,0,0,0,0,0,0,0,0,33.69,20.0,47.0,27.0,0.0
2013-04-08,0,0,2,0,14,0,0,1,0,1,33.7,20.0,48.0,29.0,0.0
2013-04-09,0,1,0,0,0,0,1,0,0,0,35.3,20.5,54.0,31.0,0.0
2013-04-10,0,1,0,0,3,0,1,2,1,0,35.5,18.0,58.0,34.0,1.2
2013-04-11,0,0,0,0,13,0,1,0,0,0,32.2,18.5,59.0,30.0,0.0
2013-04-12,0,0,0,0,6,0,0,0,0,0,33.5,20.0,53.0,27.0,0.0
2013-04-13,0,0,4,0,5,0,0,0,0,0,34.5,20.5,51.0,32.0,0.0
2013-04-14,0,0,0,0,1,0,0,0,0,0,34.3,20.5,57.0,34.0,0.0
2013-04-15,0,1,0,0,0,0,0,3,0,0,34.3,20.6,55.0,29.0,0.0
2013-04-16,0,0,0,0,4,0,1,4,2,5,36.5,22.3,49.0,39.0,0.0
2013-04-17,0,0,0,0,9,0,0,0,3,2,34.3,20.0,41.0,17.0,0.0
2013-04-18,0,11,2,0,2,0,0,0,3,0,35.4,20.0,38.0,25.0,0.0
2013-04-19,0,0,0,0,3,0,0,0,0,0,36.6,20.2,41.0,20.0,0.0
2013-04-20,0,0,0,0,2,0,0,0,0,0,37.6,21.5,44.0,19.0,0.0
2013-04-21,0,0,0,0,0,0,0,0,0,0,37.5,21.5,60.0,39.0,0.1
2013-04-22,0,0,0,0,3,0,1,3,3,3,31.0,19.5,54.0,34.0,0.0
2013-04-23,0,0,8,0,10,0,0,2,0,1,34.0,23.0,58.0,34.0,0.1
2013-04-24,0,0,1,0,3,0,1,1,3,5,35.4,22.6,50.0,30.0,0.0
2013-04-25,0,0,1,0,8,0,0,0,0,0,36.1,20.6,64.0,32.0,1.0
2013-04-26,0,0,0,0,3,0,0,0,0,0,35.6,18.0,78.0,41.0,5.0
2013-04-27,0,0,0,0,1,0,0,0,1,0,32.0,19.5,45.0,38.0,0.0
2013-04-28,0,0,0,0,0,0,0,0,0,0,31.7,20.0,60.0,25.0,0.0
2013-04-29,0,2,0,0,1,0,1,0,0,5,34.6,21.5,40.0,26.0,0.1
2013-04-30,0,2,3,0,0,0,0,1,0,5,35.6,21.5,36.0,18.0,0.0
2013-05-01,0,0,0,0,3,0,0,0,0,0,36.8,22.0,38.0,14.0,0.0
2013-05-02,0,0,1,0,4,0,2,0,2,0,36.2,20.5,35.0,15.0,0.0
2013-05-03,0,0,0,0,1,0,0,0,0,0,39.0,23.0,29.0,15.0,0.0
2013-05-04,0,0,1,0,0,0,0,0,0,0,41.0,21.5,34.0,19.0,0.0
2013-05-05,0,0,0,0,0,0,0,0,0,0,40.0,24.2,37.0,22.0,0.0
2013-05-06,0,0,0,0,7,0,0,5,0,11,39.7,27.0,37.0,19.0,0.0
2013-05-07,0,0,1,0,2,0,1,2,0,2,40.0,23.5,45.0,22.0,0.0
2013-05-08,0,0,0,0,4,0,0,1,0,0,39.5,25.5,33.0,18.0,0.0
2013-05-09,0,0,0,0,2,0,1,0,1,0,40.1,25.0,30.0,20.0,0.0
2013-05-10,0,0,0,0,0,0,0,0,0,0,41.0,25.5,46.0,26.0,0.0
2013-05-11,0,0,0,0,0,0,0,0,0,0,35.0,21.5,59.0,33.0,0.1
2013-05-12,0,0,0,0,0,0,0,0,0,0,32.5,21.4,56.0,51.0,0.1
2013-05-13,0,0,0,0,7,0,0,1,0,0,36.1,20.0,52.0,30.0,0.0
2013-05-14,0,0,0,0,2,0,1,3,0,12,35.7,21.5,50.0,31.0,0.2
2013-05-15,0,2,0,0,8,0,1,11,2,2,38.5,23.5,40.0,26.0,0.0
2013-05-16,0,0,0,0,0,0,0,0,0,0,40.0,23.0,42.0,18.0,0.0
2013-05-17,0,0,0,0,0,0,0,3,1,0,42.4,25.5,38.0,14.0,0.0
2013-05-18,0,0,0,0,0,0,0,0,0,0,44.2,24.5,41.0,15.0,0.0
2013-05-19,0,0,0,0,0,0,0,1,0,0,42.9,26.5,35.0,16.0,0.0
2013-05-20,0,0,0,0,0,0,0,0,0,0,44.5,27.5,40.0,20.0,0.0
2013-05-21,0,0,0,0,1,0,0,6,0,0,44.5,28.0,27.0,15.0,0.0
2013-05-22,0,1,0,0,0,0,0,9,0,0,45.5,28.3,28.0,14.0,0.0
2013-05-23,0,0,0,0,0,0,0,0,0,0,46.5,29.0,29.0,11.0,0.0
2013-05-24,0,0,0,0,0,0,0,4,0,0,45.3,29.6,34.0,16.0,0.0
2013-05-25,0,0,0,0,0,0,0,0,0,0,42.6,31.0,40.0,24.0,0.0
2013-05-26,0,0,0,0,0,0,0,0,0,0,42.2,30.5,42.0,21.0,0.0
2013-05-27,0,7,1,0,0,0,0,0,1,0,39.3,26.0,38.0,33.0,0.0
2013-05-28,0,0,0,0,0,0,0,0,0,0,41.5,27.2,30.0,17.0,0.0
2013-05-29,0,0,0,0,0,0,0,0,0,0,38.0,25.3,29.0,19.0,0.0
2013-05-30,0,1,0,0,0,0,0,0,0,0,41.2,24.0,37.0,16.0,0.0
2013-05-31,0,0,0,0,0,0,0,3,0,0,43.5,26.0,34.0,16.0,0.0
2013-06-01,0,0,0,0,0,0,0,0,0,0,41.6,26.5,54.0,25.0,0.0
2013-06-02,0,0,0,0,0,0,0,0,0,0,40.5,27.5,60.0,31.0,0.0
2013-06-03,0,0,0,0,0,0,0,0,0,0,39.6,28.0,57.0,39.0,0.0
2013-06-04,0,0,0,0,1,0,0,0,0,0,42.5,28.2,46.0,27.0,0.0
2013-06-05,0,0,5,0,1,0,0,5,1,0,44.5,29.5,43.0,28.0,0.0
2013-06-06,0,0,0,0,0,0,1,3,0,0,44.0,30.5,45.0,21.0,0.0
2013-06-07,0,0,0,0,0,0,0,3,0,0,42.0,25.6,59.0,30.0,0.0
2013-06-08,0,0,0,0,0,0,0,1,1,0,43.1,28.2,67.0,26.0,0.0
2013-06-09,0,0,0,0,0,0,0,0,0,0,44.0,28.5,70.0,30.0,0.0
2013-06-10,0,1,0,0,0,0,1,0,0,0,42.7,30.0,65.0,32.0,0.0
2013-06-11,0,0,0,0,0,0,0,0,2,0,43.0,32.0,50.0,69.0,0.0
2013-06-12,0,0,1,0,0,0,2,0,2,3,34.0,22.0,81.0,67.0,16.0
2013-06-13,0,0,0,0,0,0,0,2,4,0,30.5,25.6,81.0,72.0,0.0
2013-06-14,0,0,0,0,0,0,0,0,0,0,36.0,25.0,74.0,52.0,0.0
2013-06-15,0,0,9,0,0,0,1,0,0,0,25.8,19.5,100.0,80.0,81.0
2013-06-16,0,0,0,0,1,0,1,0,0,0,30.7,19.7,80.0,69.0,21.0
2013-06-17,0,0,3,0,7,0,1,0,0,0,34.0,22.0,77.0,53.0,0.1
2013-06-18,0,1,0,0,1,0,1,1,5,0,36.5,22.0,67.0,43.0,0.1
2013-06-19,0,0,11,0,8,0,2,2,0,2,38.0,26.2,66.0,35.0,0.0
2013-06-20,0,0,0,0,2,0,2,3,0,0,39.5,28.0,61.0,37.0,0.0
2013-06-21,0,0,1,0,2,0,0,0,1,2,41.0,28.7,57.0,38.0,0.0
2013-06-22,0,1,1,0,4,0,3,0,0,0,39.5,30.0,53.0,46.0,0.0
2013-06-23,0,0,0,0,1,0,0,0,0,0,40.0,30.1,66.0,44.0,0.0
2013-06-24,0,1,8,0,16,0,5,0,1,0,40.0,30.5,54.0,40.0,0.0
2013-06-25,0,0,2,0,3,0,0,0,0,0,38.5,28.4,79.0,56.0,0.0
2013-06-26,0,0,1,0,1,0,1,0,2,1,37.0,27.2,69.0,56.0,0.1
2013-06-27,0,0,1,0,5,1,1,0,0,5,34.7,22.5,80.0,62.0,0.1
2013-06-28,0,0,0,0,3,0,0,0,0,10,38.0,22.8,72.0,61.0,0.1
2013-06-29,0,0,2,0,7,0,0,1,0,0,37.6,28.5,73.0,47.0,5.0
2013-06-30,0,0,0,0,2,0,4,0,0,0,35.6,28.5,67.0,52.0,17.3
2013-07-01,0,0,0,0,0,0,0,4,0,0,38.0,25.5,73.0,49.0,0.0
2013-07-02,0,0,0,0,2,0,0,1,0,0,38.5,29.0,67.0,46.0,0.0
2013-07-03,0,0,0,0,0,0,1,0,1,0,38.5,27.5,67.0,54.0,0.0
2013-07-04,0,0,0,0,1,0,0,0,0,0,37.0,29.0,67.0,58.0,0.0
2013-07-05,0,0,1,0,1,0,0,2,0,0,37.5,29.0,76.0,58.0,0.0
2013-07-06,0,0,2,0,3,0,1,0,0,0,37.0,24.0,78.0,63.0,0.1
2013-07-07,0,0,2,0,0,0,2,0,1,0,33.8,22.5,100.0,70.0,17.5
2013-07-08,0,0,1,0,4,0,3,1,6,0,32.2,22.5,96.0,76.0,30.7
2013-07-09,0,1,0,0,3,0,0,3,0,0,30.5,23.0,85.0,69.0,0.1
2013-07-10,0,1,0,0,10,1,2,0,0,0,32.5,20.5,100.0,67.0,30.2
2013-07-11,0,0,0,0,2,0,3,1,1,0,37.2,26.4,78.0,61.0,1.7
2013-07-12,0,0,0,0,0,0,0,0,0,0,38.4,23.0,100.0,67.0,14.0
2013-07-13,0,0,0,0,1,0,2,0,0,0,36.7,23.5,76.0,55.0,13.2
2013-07-14,0,0,0,0,6,0,0,0,0,0,36.4,28.0,79.0,66.0,0.0
2013-07-15,0,0,3,0,2,0,0,1,0,0,34.5,23.5,100.0,70.0,19.0
2013-07-16,0,0,3,0,9,0,3,0,0,0,34.0,25.9,89.0,78.0,24.5
2013-07-17,0,0,1,0,2,0,0,0,0,0,34.8,24.3,82.0,70.0,2.3
2013-07-18,0,0,2,0,3,0,0,0,0,0,34.6,21.5,100.0,68.0,32.0
2013-07-19,0,0,3,0,1,0,1,0,0,0,37.5,22.4,79.0,63.0,0.0
2013-07-20,0,0,2,0,3,0,1,0,0,0,29.0,23.5,88.0,96.0,0.0
2013-07-21,0,1,4,0,10,0,2,1,0,0,32.3,22.2,92.0,76.0,48.0
2013-07-22,0,0,2,0,3,0,1,2,0,0,36.0,25.4,82.0,63.0,0.0
2013-07-23,0,0,0,0,2,0,1,0,0,3,34.4,26.5,85.0,65.0,0.0
2013-07-24,0,0,5,0,0,0,1,1,0,3,33.2,27.0,79.0,78.0,0.0
2013-07-25,0,1,1,0,2,0,0,3,0,0,35.5,25.0,82.0,68.0,9.0
2013-07-26,0,0,2,0,3,0,0,0,0,0,33.0,26.0,81.0,67.0,0.0
2013-07-27,0,0,0,0,4,0,0,0,1,0,35.5,25.5,79.0,62.0,0.0
2013-07-28,0,0,2,0,4,0,0,1,0,0,37.7,28.5,79.0,54.0,0.0
2013-07-29,0,0,0,0,2,0,1,15,0,0,38.0,29.1,79.0,56.0,0.0
2013-07-30,0,0,1,0,1,0,1,1,0,3,37.0,25.5,88.0,63.0,0.0
2013-07-31,0,0,0,0,2,0,0,0,2,0,37.5,26.0,79.0,71.0,0.0
2013-08-01,0,0,0,0,1,0,0,0,0,3,34.8,27.2,82.0,67.0,0.0
2013-08-02,0,0,0,0,7,0,0,0,0,0,28.0,24.5,88.0,88.0,0.2
2013-08-03,0,0,6,0,5,0,12,3,0,0,34.5,22.0,88.0,62.0,32.1
2013-08-04,0,2,15,0,18,0,1,3,0,0,33.6,22.5,96.0,67.0,42.0
2013-08-05,0,1,1,0,3,0,0,1,0,8,35.6,26.0,89.0,67.0,0.1
2013-08-06,0,0,7,0,6,0,1,0,0,1,28.7,23.5,88.0,81.0,0.0
2013-08-07,0,0,0,0,9,0,0,3,0,1,32.0,23.5,92.0,76.0,0.1
2013-08-08,0,0,3,0,1,0,0,0,1,0,34.5,24.5,82.0,65.0,0.2
2013-08-09,0,0,0,0,0,0,1,0,0,0,34.0,27.2,79.0,73.0,0.0
2013-08-10,0,2,1,0,0,0,3,0,27,3,33.0,24.5,96.0,70.0,2.7
2013-08-11,0,2,2,0,28,0,2,1,43,0,34.5,24.0,82.0,82.0,7.0
2013-08-12,0,0,0,0,5,0,0,1,6,1,32.5,26.5,85.0,73.0,9.2
2013-08-13,0,0,0,0,44,0,0,1,0,0,33.2,26.5,85.0,75.0,10.0
2013-08-14,0,0,1,0,28,0,3,1,2,0,24.5,23.0,100.0,100.0,61.1
2013-08-15,0,1,5,0,20,0,0,1,25,0,28.2,21.5,100.0,92.0,113.1
2013-08-16,0,2,10,0,32,0,7,9,9,0,28.0,22.4,100.0,100.0,2.6
2013-08-17,0,5,24,0,15,0,8,39,46,0,29.7,22.0,100.0,85.0,28.0
2013-08-18,1,160,56,3,8,3,36,7,237,20,27.5,22.3,100.0,100.0,11.8
2013-08-19,1,49,161,3,20,3,62,65,109,6,30.6,22.5,96.0,85.0,17.2
2013-08-20,0,35,158,20,10,1,73,27,61,22,33.3,25.5,88.0,67.0,0.0
2013-08-21,0,49,263,12,33,5,145,37,103,7,35.3,26.0,85.0,57.0,0.0
2013-08-22,0,22,218,23,26,8,84,50,138,24,35.0,26.5,89.0,62.0,0.0
2013-08-23,3,47,207,4,45,0,78,50,143,21,33.9,27.0,82.0,78.0,0.0
2013-08-24,2,48,199,5,54,1,70,35,82,29,33.5,26.5,92.0,82.0,6.5
2013-08-25,1,27,72,0,29,2,29,23,59,0,35.6,26.5,89.0,63.0,8.6
2013-08-26,0,54,84,0,11,3,40,24,80,27,37.3,27.0,79.0,56.0,0.0
2013-08-27,4,52,92,1,15,5,137,64,56,10,35.2,28.0,76.0,65.0,0.0
2013-08-28,3,26,60,4,13,2,72,37,59,5,36.5,27.0,75.0,67.0,0.0
2013-08-29,2,72,91,8,7,5,54,42,84,43,35.2,24.5,85.0,52.0,0.0
2013-08-30,2,39,116,2,17,3,42,55,42,12,35.7,24.0,78.0,49.0,0.0
2013-08-31,6,42,203,7,55,1,44,72,27,1,37.0,26.0,68.0,52.0,0.0
2013-09-01,1,14,143,9,52,0,26,22,27,1,35.0,25.5,82.0,69.0,0.0
2013-09-02,0,49,207,27,43,10,80,67,46,35,36.0,25.7,75.0,52.0,9.0
2013-09-03,3,40,226,1,35,4,67,73,57,5,35.5,25.9,75.0,57.0,0.0
2013-09-04,5,76,217,18,38,5,67,77,27,13,35.7,25.6,79.0,59.0,0.0
2013-09-05,5,91,215,4,39,13,64,85,40,6,35.3,27.0,72.0,54.0,0.0
2013-09-06,14,50,240,1,66,9,49,60,53,20,35.3,22.5,73.0,58.0,0.0
2013-09-07,2,52,187,4,56,11,46,61,24,26,35.0,24.5,78.0,59.0,0.0
2013-09-08,2,23,147,1,39,3,26,33,14,0,33.8,24.7,71.0,67.0,0.2
2013-09-09,4,45,325,4,85,11,73,81,52,13,34.8,25.2,81.0,64.0,3.0
2013-09-10,2,72,214,2,56,11,65,60,54,10,35.5,24.3,81.0,46.0,0.3
2013-09-11,8,57,172,2,65,6,47,66,43,28,35.5,25.0,71.0,54.0,0.0
2013-09-12,5,73,175,5,58,10,71,67,46,4,36.0,26.0,75.0,60.0,0.0
2013-09-13,3,75,192,4,47,7,67,49,39,32,35.7,25.5,85.0,58.0,0.0
2013-09-14,3,69,243,12,74,8,67,54,83,23,36.3,25.0,68.0,56.0,0.0
2013-09-15,2,73,17,0,21,1,11,6,3,0,35.7,26.0,75.0,68.0,0.0
2013-09-16,0,12,21,3,58,0,30,24,12,9,32.0,19.5,82.0,56.0,4.0
2013-09-17,0,39,69,0,65,0,30,93,12,0,34.0,21.0,76.0,58.0,2.3
2013-09-18,0,2,8,0,93,0,1,4,2,0,34.5,23.2,74.0,53.0,0.0
2013-09-19,0,3,21,0,53,0,3,7,1,0,36.0,24.2,68.0,52.0,0.0
2013-09-20,0,3,13,0,83,1,0,3,0,5,35.4,24.5,81.0,49.0,0.0
2013-09-21,0,0,7,0,40,0,0,5,3,14,35.4,25.8,80.0,65.0,0.0
2013-09-22,0,0,2,0,15,0,1,3,0,0,35.0,25.0,78.0,64.0,0.0
2013-09-23,0,13,7,0,50,0,4,6,1,7,35.3,25.5,78.0,100.0,0.0
2013-09-24,0,6,1,0,36,0,4,6,3,0,35.4,25.2,81.0,66.0,9.0
2013-09-25,1,0,24,0,55,1,1,4,4,21,35.5,22.5,77.0,59.0,0.0
2013-09-26,0,2,2,0,35,0,9,4,8,3,34.5,24.2,74.0,67.0,0.0
2013-09-27,0,2,6,4,38,1,9,4,5,4,34.0,25.6,78.0,72.0,0.0
2013-09-28,1,1,1,0,36,0,0,5,0,14,33.7,23.5,84.0,66.0,1.5
2013-09-29,0,0,0,0,23,0,0,0,0,0,34.2,23.0,84.0,68.0,1.0
2013-09-30,1,4,3,0,10,0,1,3,3,1,33.0,23.5,84.0,78.0,0.0
2013-10-01,1,1,0,0,8,0,2,3,0,0,33.5,23.0,84.0,61.0,1.4
2013-10-02,0,8,2,0,14,0,0,2,3,0,34.5,25.0,85.0,58.0,0.0
2013-10-03,0,2,4,0,7,0,0,4,0,6,32.4,24.7,88.0,56.0,0.1
2013-10-04,0,4,11,0,34,0,5,1,0,10,29.8,22.5,84.0,71.0,5.2
2013-10-05,0,2,1,0,51,0,0,5,2,7,32.5,22.0,84.0,69.0,10.2
2013-10-06,0,0,0,0,32,0,0,0,0,0,33.5,23.4,81.0,64.0,0.0
2013-10-07,1,8,8,0,54,0,2,1,0,18,34.5,24.5,85.0,61.0,0.0
2013-10-08,0,0,2,0,47,0,1,4,6,3,33.7,25.0,81.0,64.0,0.0
2013-10-09,0,3,1,1,49,0,1,1,1,2,33.7,25.0,85.0,67.0,0.1
2013-10-10,1,1,6,1,55,0,2,5,1,2,35.0,24.0,88.0,69.0,0.0
2013-10-11,0,32,68,6,35,2,12,18,26,16,33.8,25.0,81.0,76.0,0.0
2013-10-12,3,48,160,11,79,10,43,53,31,23,30.0,19.5,83.0,64.0,1.5
2013-10-13,7,24,74,28,32,3,38,25,6,0,29.8,21.0,80.0,60.0,0.1
2013-10-14,5,79,109,25,82,6,43,58,44,17,32.0,20.0,79.0,53.0,0.0
2013-10-15,5,0,39,119,122,1,13,21,26,26,33.5,21.0,76.0,44.0,0.0
2013-10-16,0,1,10,8,16,1,3,2,1,11,33.0,20.6,83.0,49.0,0.0
2013-10-17,3,3,27,10,27,0,6,11,36,13,32.5,21.0,78.0,54.0,0.0
2013-10-18,2,20,57,8,8,1,22,54,21,1,32.5,20.2,64.0,46.0,0.0
2013-10-19,4,34,103,74,302,3,29,118,10,7,33.0,18.5,75.0,36.0,0.0
2013-10-20,9,24,65,20,196,0,17,12,7,1,32.4,18.5,75.0,43.0,0.0
2013-10-21,6,57,118,23,247,3,46,76,44,21,32.0,19.2,75.0,42.0,0.0
2013-10-22,5,34,168,23,220,8,41,66,24,8,32.0,18.0,74.0,50.0,0.0
2013-10-23,7,34,181,27,180,3,49,58,47,16,30.7,18.2,78.0,58.0,0.0
2013-10-24,13,114,99,24,110,8,31,96,27,8,31.0,18.0,82.0,50.0,0.0
2013-10-25,11,19,112,12,177,2,50,66,24,12,30.7,19.0,67.0,50.0,0.0
2013-10-26,1,24,79,120,87,1,57,58,43,7,31.0,17.5,86.0,53.0,0.0
2013-10-27,11,15,43,19,165,0,9,35,10,0,30.5,17.5,82.0,51.0,0.0
2013-10-28,10,48,133,103,62,2,31,98,211,20,30.0,16.5,77.0,48.0,0.0
2013-10-29,15,98,167,26,291,4,85,109,764,25,30.5,15.6,86.0,48.0,0.0
2013-10-30,18,139,179,31,364,3,96,145,790,37,29.5,16.0,77.0,54.0,0.0
2013-10-31,6,182,258,60,303,3,129,137,1221,33,27.5,14.0,73.0,68.0,0.1
2013-11-01,0,134,195,100,429,16,98,103,1898,20,28.0,16.0,76.0,55.0,0.0
2013-11-02,3,266,229,173,529,8,129,161,2327,49,28.5,14.5,76.0,34.0,0.0
2013-11-03,4,2300,293,300,353,18,115,38,2761,43,28.3,12.5,65.0,37.0,0.0
2013-11-04,3,300,203,384,549,15,118,147,2388,32,28.4,12.3,74.0,40.0,0.0
2013-11-05,9,308,148,416,575,17,114,117,2061,23,37.5,13.0,78.0,48.0,0.0
2013-11-06,12,288,173,402,722,9,114,168,2450,53,24.5,14.5,76.0,63.0,0.0
2013-11-07,9,303,219,278,907,28,100,143,1829,24,23.2,13.5,84.0,80.0,0.0
2013-11-08,20,363,221,476,723,21,149,151,2364,36,22.8,11.3,89.0,58.0,4.5
2013-11-09,2,268,231,336,817,19,124,151,2219,30,24.2,11.5,89.0,51.0,0.0
2013-11-10,8,184,179,371,817,2,97,153,1120,17,25.5,12.0,79.0,45.0,0.0
2013-11-11,7,293,198,243,641,19,86,129,2169,34,25.7,11.3,78.0,45.0,0.0
2013-11-12,11,240,218,226,887,10,106,142,2137,21,26.0,10.6,83.0,46.0,0.0
2013-11-13,0,137,117,113,592,9,73,110,1689,9,25.8,10.2,88.0,43.0,0.0
2013-11-14,1,61,27,38,132,1,15,8,407,6,25.8,10.0,77.0,42.0,0.0
2013-11-15,0,1,15,22,77,1,2,85,231,3,26.0,8.5,76.0,33.0,0.0
2013-11-16,8,345,226,326,849,13,113,135,2382,18,26.2,9.2,82.0,34.0,0.0
2013-11-17,5,246,223,205,830,21,79,167,813,14,25.5,9.0,82.0,42.0,0.0
2013-11-18,41,270,108,188,540,15,64,179,1390,22,25.5,9.0,77.0,40.0,0.0
2013-11-19,48,238,152,225,657,11,79,179,1743,16,26.7,10.2,72.0,42.0,0.0
2013-11-20,35,245,126,236,614,9,80,150,1914,43,27.5,10.2,83.0,50.0,0.0
2013-11-21,31,256,116,219,609,15,94,181,1987,19,27.0,10.0,83.0,57.0,0.0
2013-11-22,18,215,116,150,424,12,95,207,1833,9,26.5,10.6,83.0,60.0,0.0
2013-11-23,37,210,145,207,718,15,85,187,1700,17,26.0,10.5,88.0,47.0,0.0
2013-11-24,47,111,132,232,588,33,72,110,706,23,26.5,11.3,84.0,48.0,0.0
2013-11-25,86,205,191,205,542,21,153,164,1722,28,27.8,12.0,78.0,45.0,0.0
2013-11-26,17,244,179,312,558,54,115,165,1682,11,28.0,11.9,78.0,45.0,0.0
2013-11-27,40,273,189,294,657,13,112,158,1542,31,28.0,12.0,89.0,51.0,0.0
2013-11-28,16,154,144,357,487,13,140,196,1544,16,28.0,10.9,78.0,44.0,0.0
2013-11-29,10,150,161,348,507,14,115,167,1516,15,27.2,10.5,73.0,41.0,0.0
2013-11-30,8,188,157,102,463,12,93,165,1711,13,27.0,10.8,72.0,41.0,0.0
2013-12-01,9,57,102,88,205,7,54,179,262,2,27.0,9.5,88.0,59.0,0.0
2013-12-02,23,159,225,214,385,11,54,159,1333,24,25.5,10.1,83.0,56.0,0.0
2013-12-03,19,229,290,190,340,6,71,146,1368,16,25.5,10.5,83.0,55.0,0.0
2013-12-04,18,226,161,71,461,7,82,159,1194,23,24.5,9.0,88.0,51.0,0.0
2013-12-05,21,250,246,221,401,26,157,242,1426,16,24.7,8.5,82.0,48.0,0.0
2013-12-06,14,172,212,122,421,17,146,166,1005,11,25.0,9.1,69.0,46.0,0.0
2013-12-07,7,188,218,159,396,13,92,204,855,21,25.7,9.5,88.0,70.0,0.0
2013-12-08,9,82,97,175,278,3,80,182,339,6,23.8,9.0,88.0,69.0,0.0
2013-12-09,5,190,266,210,387,9,137,283,1152,9,22.5,8.5,94.0,54.0,0.0
2013-12-10,6,140,119,196,360,9,126,262,844,12,23.5,8.5,88.0,54.0,0.0
2013-12-11,8,146,165,99,393,18,90,243,1138,14,23.8,8.4,87.0,57.0,0.0
2013-12-12,7,169,173,165,374,9,109,237,931,6,22.6,8.5,82.0,49.0,0.0
2013-12-13,3,238,174,83,296,15,41,121,889,10,23.5,9.2,77.0,38.0,0.0
2013-12-14,4,132,61,212,256,4,45,115,827,20,25.2,7.5,75.0,58.0,0.0
2013-12-15,10,23,40,22,220,7,33,11,334,0,23.5,7.7,76.0,73.0,0.0
2013-12-16,3,229,116,65,252,13,60,143,855,15,21.7,8.3,94.0,81.0,0.0
2013-12-17,6,163,100,38,220,8,91,101,844,17,21.0,8.5,100.0,80.0,0.0
2013-12-18,8,179,99,15,118,10,82,142,883,13,18.5,8.5,100.0,89.0,0.0
2013-12-19,2,279,150,23,113,8,161,132,909,16,15.8,8.0,100.0,100.0,0.0
2013-12-20,1,125,135,54,62,2,89,86,833,10,13.0,8.2,82.0,89.0,0.0
2013-12-21,2,74,47,100,53,5,76,89,680,11,16.0,8.0,94.0,88.0,0.0
2013-12-22,0,26,14,0,44,4,47,5,270,0,12.6,8.0,94.0,88.0,0.0
2013-12-23,0,57,89,4,62,4,45,56,502,12,14.0,6.5,87.0,65.0,0.0
2013-12-24,0,6,31,54,16,0,39,57,258,5,17.6,5.0,93.0,39.0,0.0
2013-12-25,1,37,96,1,56,0,71,10,169,0,19.5,5.5,73.0,36.0,0.0
2013-12-26,0,42,74,1,30,0,94,21,178,14,19.7,4.5,71.0,40.0,0.0
2013-12-27,0,69,90,6,76,1,71,16,414,19,19.7,3.5,84.0,55.0,0.0
2013-12-28,0,17,14,2,18,0,53,8,418,14,17.2,3.0,84.0,46.0,0.0
2013-12-29,0,1,11,0,1,0,6,8,182,0,18.2,2.3,84.0,41.0,0.0
2013-12-30,0,71,66,1,45,4,76,19,452,14,18.2,2.4,84.0,49.0,0.0
2013-12-31,0,30,57,0,40,2,36,13,399,13,17.5,2.5,80.0,81.0,0.0
2014-01-01,0,32,70,0,37,2,31,12,353,15,0,0,0,0,0
2014-01-02,0,73,46,0,24,1,43,26,437,7,0,0,0,0,0
2014-01-03,0,40,34,1,21,1,28,7,353,7,0,0,0,0,0
2014-01-04,0,30,26,1,18,0,15,6,355,0,0,0,0,0,0
2014-01-05,0,0,5,0,9,0,0,3,36,0,0,0,0,0,0
2014-01-06,0,17,15,0,4,0,14,7,165,0,0,0,0,0,0
2014-01-07,0,11,2,0,17,0,19,7,181,11,0,0,0,0,0
2014-01-08,0,51,8,0,34,0,9,8,317,0,0,0,0,0,0
2014-01-09,0,8,2,0,10,0,19,8,295,0,0,0,0,0,0
2014-01-10,0,5,4,1,13,0,9,6,452,0,0,0,0,0,0
2014-01-11,0,16,30,0,29,0,10,6,242,0,0,0,0,0,0
2014-01-12,0,0,0,0,14,0,0,0,81,0,0,0,0,0,0
2014-01-13,0,17,13,0,16,1,18,13,585,3,0,0,0,0,0
2014-01-14,0,0,0,0,0,0,0,0,433,0,0,0,0,0,0
2014-01-15,0,35,124,2,30,0,14,18,278,4,0,0,0,0,0
2014-01-16,0,18,70,0,16,3,21,8,441,0,0,0,0,0,0
2014-01-17,0,10,15,0,20,0,10,13,303,0,0,0,0,0,0
2014-01-18,0,4,93,0,9,0,6,5,271,0,0,0,0,0,0
2014-01-19,0,3,4,0,13,0,0,2,111,0,0,0,0,0,0
2014-01-20,0,10,69,0,6,0,8,6,304,0,0,0,0,0,0
2014-01-21,0,10,85,0,0,0,6,8,398,0,0,0,0,0,0
2014-01-22,0,40,3,0,8,1,0,1,482,0,0,0,0,0,0
2014-01-23,0,12,2,0,16,1,3,3,320,4,0,0,0,0,0
2014-01-24,0,8,0,0,2,0,3,1,306,0,0,0,0,0,0
2014-01-25,0,8,124,0,16,1,9,9,307,0,0,0,0,0,0
2014-01-26,0,0,0,0,8,0,1,0,120,0,0,0,0,0,0
2014-01-27,0,37,10,0,16,0,5,9,169,2,0,0,0,0,0
2014-01-28,0,22,39,0,2,1,5,3,314,0,0,0,0,0,0
2014-01-29,0,12,0,0,10,0,3,4,256,3,0,0,0,0,0
2014-01-30,0,28,127,0,31,0,1,9,449,5,0,0,0,0,0
2014-01-31,0,6,9,0,9,0,2,8,311,1,0,0,0,0,0
2014-02-01,0,9,137,0,6,1,4,8,366,0,21.5,9.0,100.0,89.0,0.0
2014-02-02,0,0,0,0,26,0,0,1,134,0,15.0,9.0,94.0,75.0,0.0
2014-02-03,0,5,3,0,8,0,3,1,265,0,17.6,10.0,89.0,74.0,0.0
2014-02-04,0,26,4,0,14,0,6,12,352,0,16.4,7.6,87.0,66.0,0.0
2014-02-05,0,0,0,0,5,0,1,0,375,0,17.6,8.1,83.0,48.0,0.0
2014-02-06,0,15,44,0,3,1,6,12,401,0,21.0,10.5,83.0,84.0,0.0
2014-02-07,0,1,3,0,0,0,7,1,265,0,16.0,8.6,88.0,79.0,14.2
2014-02-08,0,12,7,0,0,0,2,5,211,0,16.0,6.2,93.0,56.0,0.0
2014-02-09,0,0,0,0,11,0,2,3,108,0,19.0,5.8,73.0,41.0,0.0
2014-02-10,0,6,34,0,17,1,2,12,475,0,19.4,6.2,75.0,49.0,0.0
2014-02-11,0,4,1,0,15,0,5,12,319,0,19.6,6.5,86.0,50.0,0.0
2014-02-12,0,3,84,0,4,0,1,0,273,0,19.5,6.5,87.0,39.0,0.0
2014-02-13,0,6,4,0,2,1,0,2,178,0,20.6,5.5,67.0,40.0,0.0
2014-02-14,0,8,0,0,24,1,1,2,283,0,21.5,5.7,87.0,61.0,0.0
2014-02-15,0,12,4,0,0,0,4,15,125,0,18.7,8.2,77.0,70.0,0.1
2014-02-16,0,0,0,0,11,0,1,1,48,0,17.5,5.5,93.0,61.0,4.3
2014-02-17,0,15,8,0,1,0,2,6,269,0,18.5,6.0,81.0,52.0,0.0
2014-02-18,0,20,7,0,24,0,8,8,171,0,21.5,8.0,82.0,49.0,0.0
2014-02-19,0,5,14,0,30,0,6,21,254,0,21.5,8.5,82.0,44.0,0.0
2014-02-20,0,12,130,0,12,0,8,11,195,7,23.2,9.0,88.0,43.0,0.0
2014-02-21,0,9,5,0,32,0,3,8,231,0,23.0,9.5,77.0,61.0,0.0
2014-02-22,0,3,16,0,9,0,1,9,176,0,20.6,10.4,88.0,71.0,2.8
2014-02-23,0,0,0,0,0,0,1,0,83,0,19.3,9.0,88.0,50.0,0.0
2014-02-24,0,9,1,0,35,0,2,2,251,0,22.0,8.9,88.0,48.0,0.0
2014-02-25,0,5,0,0,25,0,5,2,155,0,23.8,8.7,88.0,47.0,0.0
2014-02-26,0,13,1,0,15,3,6,6,227,0,24.5,9.4,82.0,51.0,0.0
2014-02-27,0,8,8,0,4,0,3,3,304,0,23.5,9.6,83.0,53.0,1.2
2014-02-28,0,32,9,0,17,1,14,8,348,0,22.2,10.5,83.0,81.0,0.0
2014-03-01,0,1,4,0,2,1,6,9,241,0,20.2,9.4,88.0,64.0,3.0
2014-03-02,0,0,0,0,8,0,0,2,45,0,20.0,8.2,88.0,53.0,0.0
2014-03-03,0,7,62,0,15,1,7,12,253,0,22.1,8.9,77.0,71.0,0.0
2014-03-04,0,12,100,0,21,1,19,19,196,0,19.7,10.9,89.0,55.0,0.8
2014-03-05,0,4,5,0,22,2,11,6,200,0,23.8,11.2,79.0,52.0,0.0
2014-03-06,0,7,20,0,18,0,9,10,147,9,24.1,12.0,72.0,39.0,0.0
2014-03-07,0,7,9,0,1,2,7,50,121,0,24.3,12.5,73.0,45.0,0.0
2014-03-08,0,3,8,0,16,2,6,8,184,0,25.0,12.5,75.0,43.0,0.0
2014-03-09,0,0,4,0,9,0,0,0,49,0,25.5,13.5,59.0,50.0,0.0
2014-03-10,0,16,30,0,20,3,11,46,219,0,25.8,12.5,75.0,50.0,0.0
2014-03-11,0,15,27,0,20,1,17,107,193,0,26.0,11.3,89.0,75.0,8.3
2014-03-12,0,24,29,0,16,1,11,20,212,0,20.5,8.5,82.0,47.0,0.0
2014-03-13,0,58,15,0,10,2,20,55,230,2,22.8,9.6,69.0,41.0,0.0
2014-03-14,0,44,31,0,21,2,14,63,251,0,25.5,12.5,74.0,39.0,0.0
2014-03-15,0,36,23,0,34,0,18,13,223,0,28.0,13.0,76.0,55.0,0.0
2014-03-16,0,1,11,0,0,0,8,9,72,0,26.5,15.0,76.0,50.0,0.0
2014-03-17,0,41,41,0,27,0,12,42,252,10,29.0,15.5,62.0,50.0,0.0
2014-03-18,0,54,47,0,43,0,20,37,257,8,27.6,12.6,85.0,54.0,9.1
2014-03-19,0,39,38,1,26,1,34,69,207,7,26.6,14.0,61.0,42.0,0.0
2014-03-20,0,74,15,1,13,1,17,51,274,7,26.0,13.2,71.0,41.0,0.0
2014-03-21,0,57,31,0,29,8,31,56,236,0,29.0,14.5,76.0,58.0,0.0
2014-03-22,0,68,45,0,31,10,28,23,184,0,26.6,14.5,62.0,37.0,0.0
2014-03-23,0,6,2,0,18,1,3,6,59,0,29.8,15.5,64.0,68.0,0.0
2014-03-24,0,48,6,0,26,0,34,51,199,0,21.5,13.5,90.0,86.0,5.4
2014-03-25,0,59,28,1,26,2,20,47,192,11,19.4,12.5,85.0,56.0,3.4
2014-03-26,0,45,9,0,37,2,22,43,302,16,26.6,14.0,71.0,42.0,0.0
2014-03-27,0,25,5,0,30,1,8,27,248,5,27.6,15.0,76.0,41.0,0.0
2014-03-28,0,44,10,0,34,0,4,7,198,0,26.0,16.0,81.0,60.0,0.5
2014-03-29,0,9,42,0,52,7,8,6,252,0,28.0,15.5,64.0,37.0,0.0
2014-03-30,0,4,0,0,8,0,1,0,85,0,29.5,17.0,65.0,32.0,0.0
2014-03-31,0,81,52,0,40,35,43,99,294,0,0,0,0,0,0
2014-04-01,0,39,73,1,88,4,40,61,291,16,31.8,16.5,0.0,0.0,0.0
2014-04-02,0,63,46,0,40,9,55,69,418,0,28.8,16.2,0.0,0.0,1.0
2014-04-03,0,66,71,0,59,17,66,68,375,7,28.0,14.0,0.0,0.0,9.0
2014-04-04,0,67,85,0,35,12,41,61,330,11,29.5,16.0,0.0,0.0,0.0
2014-04-05,0,54,67,0,20,8,89,46,323,1,29.5,18.0,0.0,0.0,0.0
2014-04-06,0,70,0,0,89,2,4,8,17,0,26.0,17.6,0.0,0.0,0.1
2014-04-07,0,60,41,0,45,2,26,43,293,0,28.5,15.3,0.0,0.0,0.2
2014-04-08,0,62,53,0,20,5,38,57,322,8,29.7,14.1,0.0,0.0,2.0
2014-04-09,0,48,75,0,30,9,16,89,319,9,31.8,17.0,0.0,0.0,0.0
2014-04-10,0,46,54,0,61,5,20,34,239,12,33.2,18.0,0.0,0.0,0.0
2014-04-11,0,292,17,0,23,10,21,122,409,9,33.8,17.0,0.0,0.0,0.0
2014-04-12,0,459,34,0,30,5,23,33,407,1,34.0,18.7,0.0,0.0,0.0
2014-04-13,0,34,0,0,11,0,0,2,119,0,29.2,18.0,0.0,0.0,0.4
2014-04-14,0,88,27,0,22,2,15,107,560,21,33.0,15.7,0.0,0.0,0.0
2014-04-15,0,43,16,1,14,2,28,104,508,17,33.0,18.0,0.0,0.0,0.0
2014-04-16,0,62,1,0,15,1,31,28,439,9,32.6,19.5,0.0,0.0,0.0
2014-04-17,0,84,26,0,4,2,27,21,299,0,27.2,14.5,0.0,0.0,21.0
2014-04-18,0,71,21,0,25,0,25,109,417,0,26.3,15.0,0.0,0.0,0.4
2014-04-19,0,347,15,0,29,2,24,10,833,0,27.6,13.2,0.0,0.0,30.0
2014-04-20,0,46,4,0,35,0,3,4,366,0,31.5,14.5,0.0,0.0,0.0
2014-04-21,0,161,69,0,45,10,32,76,166,6,31.7,18.5,0.0,0.0,0.0
2014-04-22,0,163,46,2,55,6,74,41,367,9,33.0,19.4,0.0,0.0,0.0
2014-04-23,0,187,48,0,77,6,42,96,435,7,34.7,18.7,0.0,0.0,0.0
2014-04-24,0,141,29,0,57,9,53,55,425,12,37.0,20.0,0.0,0.0,0.0
2014-04-25,0,157,45,0,54,7,43,58,361,6,37.0,21.0,0.0,0.0,1.0
2014-04-26,0,1532,43,0,45,2,31,9,621,0,36.7,23.0,0.0,0.0,0.0
2014-04-27,0,172,2,0,12,0,11,1,174,0,37.8,21.0,0.0,0.0,0.0
2014-04-28,0,129,47,1,24,4,43,27,416,5,39.7,23.0,0.0,0.0,0.0
2014-04-29,0,133,185,0,61,4,49,78,410,13,40.6,23.0,0.0,0.0,0.0
2014-04-30,0,101,10,0,16,4,12,43,502,29,41.7,22.5,0.0,0.0,0.0
2014-05-01,0,0,1,0,0,0,4,0,356,0,42.2,25.5,0.0,0.0,0.0
2014-05-02,0,122,46,0,36,0,9,83,503,14,42.9,25.8,0.0,0.0,0.0
2014-05-03,0,140,64,0,120,0,44,32,504,1,38.0,24.7,0.0,0.0,0.1
2014-05-04,0,18,0,0,8,0,2,1,119,2,38.5,26.5,0.0,0.0,0.0
2014-05-05,0,161,54,1,50,5,54,21,410,11,36.0,21.0,0.0,0.0,1.0
2014-05-06,0,148,28,0,53,1,57,71,456,18,36.2,23.6,0.0,0.0,0.0
2014-05-07,0,106,44,0,35,3,62,97,406,15,37.6,22.3,0.0,0.0,1.0
2014-05-08,0,100,54,0,51,1,65,68,483,7,39.5,21.2,0.0,0.0,0.0
2014-05-09,0,132,62,0,68,25,63,56,410,12,37.4,21.5,0.0,0.0,2.0
2014-05-10,0,154,34,0,39,11,108,37,471,0,33.0,23.5,0.0,0.0,0.0
2014-05-11,0,115,0,0,17,3,0,0,72,0,33.0,22.5,0.0,0.0,0.8
2014-05-12,0,143,52,0,69,24,56,80,617,29,33.2,20.6,0.0,0.0,0.1
2014-05-13,0,130,114,3,85,4,111,68,364,15,29.7,14.4,0.0,0.0,12.0
2014-05-14,0,133,55,0,35,4,69,70,579,11,31.2,17.5,0.0,0.0,7.0
2014-05-15,0,119,72,0,70,3,84,33,709,9,33.8,19.5,0.0,0.0,0.0
2014-05-16,0,122,65,3,61,10,63,74,418,25,36.0,21.6,0.0,0.0,0.0
2014-05-17,0,106,32,0,76,10,60,26,504,0,34.5,20.5,0.0,0.0,0.0
2014-05-18,0,21,1,0,20,0,6,3,67,0,33.7,21.0,0.0,0.0,0.0
2014-05-19,0,56,29,0,8,2,35,43,312,28,35.6,22.5,0.0,0.0,0.0
2014-05-20,0,90,50,0,6,2,72,87,464,31,35.5,23.4,0.0,0.0,5.0
2014-05-21,0,139,35,2,93,1,64,62,769,3,37.3,23.0,0.0,0.0,0.0
2014-05-22,0,64,16,0,19,2,38,70,586,16,39.7,23.0,0.0,0.0,0.0
2014-05-23,0,125,8,0,24,2,41,61,626,10,35.0,26.0,0.0,0.0,0.1
2014-05-24,0,115,21,1,71,2,49,14,646,0,39.1,20.5,0.0,0.0,0.1
2014-05-25,0,52,6,0,15,0,4,3,197,0,40.0,24.4,0.0,0.0,0.0
2014-05-26,0,97,38,1,13,2,49,330,591,7,38.5,25.0,0.0,0.0,0.0
2014-05-27,0,71,47,0,35,0,34,74,340,15,40.3,25.0,0.0,0.0,0.1
2014-05-28,0,90,45,0,27,13,53,93,1070,17,41.7,25.4,0.0,0.0,0.0
2014-05-29,0,77,14,0,36,14,85,139,701,11,43.2,26.5,0.0,0.0,0.0
2014-05-30,0,61,18,0,20,1,59,91,586,11,37.5,28.0,0.0,0.0,0.0
2014-05-31,0,63,97,0,12,4,46,54,422,0,42.7,25.1,0.0,0.0,0.1
2014-06-01,0,6,0,0,0,0,0,2,328,0,39.0,26.0,0.0,0.0,0.0
2014-06-02,0,124,66,0,27,0,48,140,1110,34,42.0,26.0,0.0,0.0,0.0
2014-06-03,0,96,76,0,32,0,40,134,1014,34,42.2,27.0,0.0,0.0,0.0
2014-06-04,0,28,12,0,24,1,20,87,351,16,43.8,28.0,0.0,0.0,0.0
2014-06-05,0,34,142,0,63,0,62,182,812,0,44.8,30.0,0.0,0.0,0.0
2014-06-06,0,88,6,0,14,14,28,118,1036,0,45.3,28.5,0.0,0.0,0.0
2014-06-07,0,76,102,0,19,16,90,76,768,4,45.0,30.5,0.0,0.0,0.0
2014-06-08,0,4,2,0,15,0,4,4,312,0,46.0,28.5,0.0,0.0,0.0
2014-06-09,0,90,176,0,25,0,62,138,576,0,45.6,29.6,0.0,0.0,0.0
2014-06-10,0,108,150,2,75,2,200,218,648,0,45.7,28.0,0.0,0.0,0.0
2014-06-11,0,180,186,0,67,10,154,238,666,32,42.8,30.0,0.0,0.0,0.0
2014-06-12,0,398,208,2,109,12,148,108,838,22,42.0,26.0,0.0,0.0,0.0
2014-06-13,0,148,100,0,48,2,176,122,820,2,40.0,27.0,0.0,0.0,0.0
2014-06-14,0,116,86,0,27,8,158,40,806,0,41.3,27.4,0.0,0.0,0.0
2014-06-15,0,0,0,0,19,0,2,4,72,0,42.4,29.5,0.0,0.0,0.0
2014-06-16,0,46,70,0,12,4,100,136,1074,38,43.3,31.0,0.0,0.0,0.0
2014-06-17,0,34,110,0,35,4,82,110,1356,46,43.0,30.0,0.0,0.0,0.0
2014-06-18,0,70,102,0,14,12,138,278,1396,4,41.0,32.1,0.0,0.0,0.0
2014-06-19,0,106,144,0,13,6,80,364,1086,6,43.0,29.5,0.0,0.0,0.0
2014-06-20,0,114,76,0,27,12,168,160,1256,0,43.1,30.5,0.0,0.0,0.0
2014-06-21,0,48,74,2,13,0,114,88,1252,0,40.2,29.6,0.0,0.0,0.0
2014-06-22,0,4,2,0,18,0,10,2,302,0,37.2,22.0,0.0,0.0,9.0
2014-06-23,0,102,22,0,19,0,14,84,1256,6,38.2,25.5,0.0,0.0,0.0
2014-06-24,0,32,14,0,23,0,108,132,1692,38,38.5,23.0,0.0,0.0,8.0
2014-06-25,0,38,10,0,23,6,14,228,1678,0,33.4,27.0,0.0,0.0,0.0
2014-06-26,0,36,6,0,26,0,40,100,1724,28,37.0,20.5,0.0,0.0,9.0
2014-06-27,0,26,6,0,26,0,22,80,1362,0,40.0,26.2,0.0,0.0,0.0
2014-06-28,0,114,32,0,5,10,126,70,1696,4,41.0,30.0,0.0,0.0,0.0
2014-06-29,0,8,2,0,9,0,0,0,816,0,33.8,20.0,0.0,0.0,24.0
2014-06-30,0,186,140,0,26,14,154,150,1526,30,37.5,22.0,0.0,0.0,0.1
2014-07-01,0,124,208,0,58,32,300,184,1342,30,33.8,22.0,0.0,0.0,6.0
2014-07-02,0,98,186,0,19,2,348,182,1554,46,31.5,24.1,0.0,0.0,0.0
2014-07-03,0,260,166,2,27,22,296,156,2126,32,34.0,25.0,0.0,0.0,0.1
2014-07-04,0,170,214,2,41,28,460,190,1442,24,36.4,24.0,0.0,0.0,9.0
2014-07-05,0,182,182,0,121,20,308,144,1766,0,38.2,27.0,0.0,0.0,0.0
2014-07-06,0,0,116,0,11,0,46,32,690,0,37.0,26.5,0.0,0.0,0.0
2014-07-07,0,80,258,0,73,44,340,236,1464,32,39.5,25.8,0.0,0.0,0.1
2014-07-08,0,158,390,0,117,28,206,250,1506,18,40.0,29.0,0.0,0.0,0.0
2014-07-09,0,184,362,0,42,20,424,196,1394,48,40.0,29.5,0.0,0.0,0.0
2014-07-10,0,134,222,0,22,8,352,178,1636,30,40.2,22.0,0.0,0.0,0.0
2014-07-11,0,178,194,0,24,20,134,184,1584,40,41.0,30.1,0.0,0.0,0.0
2014-07-12,0,272,308,0,69,6,246,224,1952,2,42.0,30.5,0.0,0.0,0.0
2014-07-13,0,50,8,0,17,0,10,14,350,0,42.0,30.5,0.0,0.0,0.0
2014-07-14,0,160,256,2,39,4,396,172,1788,16,38.5,27.5,0.0,0.0,0.0
2014-07-15,0,120,352,0,51,8,318,214,2052,22,38.8,29.0,70.0,54.0,0.0
2014-07-16,0,204,478,2,43,20,502,350,2142,72,34.5,26.0,78.0,74.0,0.0
2014-07-17,0,60,284,0,44,10,274,100,3096,20,32.5,26.0,78.0,74.0,0.1
2014-07-18,0,160,408,2,87,30,420,322,2554,10,34.5,21.5,0.0,0.0,16.0
2014-07-19,0,166,276,0,56,32,340,196,2492,0,34.2,25.5,0.0,0.0,0.0
2014-07-20,0,46,64,0,81,2,16,32,830,2,35.7,24.0,0.0,0.0,0.1
2014-07-21,0,111,162,1,87,12,247,101,936,10,37.0,26.0,0.0,0.0,0.0
2014-07-22,0,118,174,0,105,8,211,114,1115,20,38.0,28.5,0.0,0.0,0.0
2014-07-23,0,117,190,0,25,15,144,130,1086,26,37.5,28.0,0.0,0.0,0.0
2014-07-24,0,75,157,0,42,12,127,78,1164,18,38.0,29.0,66.0,57.0,0.0
2014-07-25,0,80,183,0,22,6,158,99,1555,2,34.0,26.0,78.0,58.0,0.1
2014-07-26,0,83,109,0,82,1,158,78,935,2,34.0,26.0,78.0,58.0,0.1
2014-07-27,0,39,52,0,3,0,25,16,373,0,36.0,28.0,75.0,69.0,0.0
2014-07-28,1,59,90,0,55,2,113,100,1085,44,36.0,28.0,75.0,69.0,0.0
2014-07-29,0,43,21,0,25,3,15,42,1464,1,29.2,25.5,0.0,0.0,0.1
2014-07-30,0,47,74,0,25,1,104,26,815,2,34.9,24.5,0.0,0.0,9.0
2014-07-31,0,25,83,2,41,2,60,76,660,24,36.0,27.5,69.0,65.0,0.0
2014-08-01,0,28,113,0,13,1,96,111,854,0,35.2,27.0,0.0,0.0,0.1
2014-08-02,1,18,126,0,92,1,142,112,843,3,35.0,24.5,0.0,0.0,4.0
2014-08-03,0,7,6,0,17,0,78,14,169,0,37.2,26.0,0.0,0.0,6.0
2014-08-04,0,72,176,1,113,7,164,92,889,17,38.0,28.6,67.0,53.0,0.1
2014-08-05,0,119,139,2,59,22,326,126,1042,23,35.6,25.8,78.0,56.0,0.0
2014-08-06,0,85,107,0,36,4,147,105,255,0,38.0,25.8,72.0,66.0,0.0
2014-08-07,0,41,188,2,37,12,202,214,1290,42,35.0,27.5,78.0,64.0,0.1
2014-08-08,0,80,165,1,38,9,189,79,1008,21,33.6,26.5,75.0,66.0,0.0
2014-08-09,0,76,146,0,112,6,163,83,917,1,33.7,25.0,78.0,45.0,0.1
2014-08-10,0,2,20,0,17,0,15,7,124,0,36.3,25.5,78.0,45.0,37.0
2014-08-11,0,119,204,13,59,14,215,114,729,19,36.5,25.5,66.0,58.0,0.0
2014-08-12,0,68,244,0,73,6,303,131,1110,42,36.0,27.8,79.0,51.0,0.0
2014-08-13,0,89,170,0,126,9,231,122,933,3,36.5,26.5,0.0,0.0,7.0
2014-08-14,0,28,27,0,17,2,103,36,766,1,36.9,28.0,61.0,49.0,0.0
2014-08-15,0,89,187,0,163,16,216,141,888,3,36.0,27.7,80.0,77.0,0.0
2014-08-16,0,161,251,1,203,12,161,198,1236,7,32.5,21.5,65.0,49.0,0.1
2014-08-17,0,5,3,0,21,0,25,24,166,1,33.5,22.0,73.0,43.0,0.0
2014-08-18,0,40,204,5,95,25,130,135,928,12,35.5,24.3,71.0,45.0,0.0
2014-08-19,0,115,242,0,88,8,236,225,1181,11,37.5,26.5,69.0,34.0,0.0
2014-08-20,0,176,229,1,114,3,153,149,1317,13,37.0,27.5,63.0,37.0,0.0
2014-08-21,0,184,249,0,125,2,126,193,1129,33,37.2,27.3,63.0,41.0,0.0
2014-08-22,0,125,220,0,118,11,171,143,1295,8,38.0,26.5,65.0,38.0,0.0
2014-08-23,0,204,188,1,145,8,128,168,1008,2,36.5,24.8,65.0,38.0,0.0
2014-08-24,0,4,6,0,21,0,3,36,191,0,38.0,26.5,69.0,31.0,0.0
2014-08-25,0,120,119,0,52,5,80,150,903,23,39.0,26.9,63.0,33.0,0.0
2014-08-26,0,98,167,0,155,5,75,207,1338,21,38.5,26.5,59.0,43.0,0.0
2014-08-27,0,88,262,0,51,2,99,196,1006,3,22.5,37.0,67.0,43.0,0.0
2014-08-28,0,187,142,0,61,16,55,163,1031,16,32.3,2.0,70.0,52.0,0.1
2014-08-29,0,227,115,1,48,4,111,125,1280,9,36.2,24.5,64.0,43.0,0.0
2014-08-30,0,129,180,1,103,10,98,134,1270,3,36.5,25.4,64.0,43.0,0.0
2014-08-31,0,5,1,1,24,0,1,4,374,0,36.5,27.4,74.0,70.0,0.0
2014-09-01,0,28,204,0,58,4,111,183,1230,49,29.5,25.0,88.0,84.0,21.0
2014-09-02,1,108,217,9,54,0,216,176,1050,8,27.2,23.4,88.0,80.0,35.0
2014-09-03,0,76,228,3,262,13,204,211,1378,25,30.3,24.0,88.0,85.0,2.0
2014-09-04,0,139,175,1,124,1,187,155,1004,11,28.2,23.4,100.0,92.0,177.0
2014-09-05,0,45,21,0,29,2,97,54,641,18,25.0,24.2,100.0,92.0,56.0
2014-09-06,1,88,148,6,39,2,284,229,586,69,27.6,22.0,91.0,65.0,146.0
2014-09-07,0,220,186,43,168,12,196,170,332,41,30.0,22.6,80.0,63.0,0.1
2014-09-08,0,295,491,7,375,12,409,162,481,36,33.2,25.5,85.0,53.0,0.0
2014-09-09,0,202,293,5,378,13,204,215,454,50,33.5,25.2,84.0,58.0,0.0
2014-09-10,0,225,375,36,399,14,391,294,663,26,34.5,26.6,85.0,60.0,0.0
2014-09-11,0,169,455,30,326,44,427,193,1032,13,34.0,26.2,81.0,64.0,0.0
2014-09-12,2,228,247,5,324,30,296,248,1155,27,29.8,26.2,81.0,70.0,0.0
2014-09-13,0,218,288,4,578,17,277,228,1227,59,33.5,24.0,92.0,56.0,2.0
2014-09-14,1,1538,170,67,510,0,259,183,706,59,32.5,25.5,81.0,57.0,0.0
2014-09-15,0,589,262,23,250,9,385,217,1188,16,33.6,22.6,80.0,53.0,12.0
2014-09-16,0,442,365,144,353,20,271,295,1012,68,34.2,25.4,81.0,67.0,0.0
2014-09-17,0,195,323,122,300,12,300,331,1142,11,34.6,26.0,81.0,56.0,0.0
2014-09-18,4,185,308,76,454,7,274,290,1097,61,35.3,26.8,78.0,52.0,0.0
2014-09-19,0,108,240,62,324,24,265,428,1162,24,35.5,28.0,81.0,54.0,0.0
2014-09-20,2,220,276,158,402,9,266,199,1113,64,35.2,27.6,78.0,49.0,0.0
2014-09-21,0,99,198,165,464,6,132,187,396,12,35.0,24.5,76.0,49.0,0.0
2014-09-22,1,134,217,50,455,9,270,219,1051,20,35.5,25.5,81.0,56.0,0.0
2014-09-23,0,130,328,48,276,4,178,211,856,23,3.5,27.0,77.0,49.0,0.0
2014-09-24,1,166,339,59,339,9,127,254,897,55,34.6,27.0,74.0,44.0,0.0
2014-09-25,0,67,351,73,679,18,187,223,997,27,33.7,25.6,77.0,44.0,0.0
2014-09-26,0,128,273,68,395,4,134,184,968,23,34.5,26.0,77.0,46.0,0.0
2014-09-27,1,84,174,95,200,7,106,180,961,31,35.0,25.8,81.0,42.0,0.0
2014-09-28,0,83,61,51,88,0,92,86,259,2,35.2,26.0,81.0,42.0,0.0
2014-09-29,0,105,44,0,91,0,96,178,862,19,35.0,24.5,80.0,46.0,0.0
2014-09-30,0,55,52,7,96,0,110,116,527,30,34.8,25.8,77.0,50.0,0.0
2014-10-01,0,43,38,1,78,0,51,107,731,13,34.5,26.5,81.0,48.0,0.0
2014-10-02,2,126,34,0,0,0,90,114,871,12,34.3,26.0,77.0,47.0,0.1
2014-10-03,0,34,33,0,50,1,53,95,703,11,35.0,26.0,84.0,46.0,0.0
2014-10-04,2,68,46,30,107,4,92,92,562,10,35.0,26.1,84.0,51.0,0.0
2014-10-05,0,69,63,20,85,4,138,41,344,0,35.0,26.4,84.0,51.0,0.0
2014-10-06,0,29,5,22,37,0,16,22,227,0,35.0,26.5,60.0,57.0,0.0
2014-10-07,0,28,17,1,59,1,25,36,106,12,34.0,26.5,60.0,57.0,0.0
2014-10-08,0,25,28,0,40,0,13,31,228,0,28.0,22.0,60.0,57.0,0.0
2014-10-09,0,18,78,47,86,5,52,190,489,11,31.5,20.4,74.0,45.0,1.0
2014-10-10,1,61,121,27,236,3,144,190,521,8,32.0,21.5,63.0,38.0,0.0
2014-10-11,4,158,221,28,154,7,211,182,577,15,33.0,21.5,75.0,31.0,0.0
2014-10-12,0,63,145,28,184,4,209,121,125,0,33.5,22.5,75.0,31.0,0.0
2014-10-13,1,118,205,65,315,7,152,163,656,13,32.5,21.7,74.0,52.0,0.0
2014-10-14,4,129,283,31,342,19,196,167,752,19,24.0,20.3,72.0,65.0,0.0
2014-10-15,7,254,440,41,419,14,446,237,1449,48,27.2,18.0,76.0,46.0,0.0
2014-10-16,7,262,488,14,516,6,267,239,2342,18,28.0,19.0,71.0,42.0,0.0
2014-10-17,3,241,342,9,494,1,218,291,2699,23,30.0,19.6,69.0,39.0,0.0
2014-10-18,2,159,612,115,452,0,363,431,2315,21,30.0,20.0,81.0,39.0,0.0
2014-10-19,0,393,750,10,641,6,546,351,878,0,31.0,19.6,78.0,36.0,0.0
2014-10-20,3,203,687,46,560,10,448,418,2593,18,30.3,20.0,78.0,36.0,0.0
2014-10-21,1,277,482,99,613,8,376,403,2664,36,31.8,20.0,70.0,35.0,0.0
2014-10-22,2,260,570,40,527,4,544,356,2730,11,32.0,21.0,74.0,34.0,0.0
2014-10-23,1,225,368,11,378,14,231,403,2660,14,31.9,19.5,74.0,40.0,0.0
2014-10-24,1,131,444,16,226,6,250,358,2276,33,29.0,21.4,77.0,49.0,0.0
2014-10-25,0,303,494,59,351,15,187,366,2865,38,30.5,21.0,73.0,38.0,0.0
2014-10-26,1,502,397,18,619,11,437,252,867,0,31.0,19.7,82.0,40.0,0.0
2014-10-27,0,223,485,33,505,14,256,347,1800,45,30.0,20.0,82.0,46.0,0.0
2014-10-28,2,246,550,0,477,14,234,339,1780,21,26.5,20.0,81.0,70.0,0.1
2014-10-29,13,366,832,10,655,1,472,438,1944,39,28.0,18.0,76.0,38.0,2.0
2014-10-30,18,149,494,82,678,14,162,373,1664,11,28.0,17.8,81.0,41.0,0.0
2014-10-31,2,190,416,39,425,8,208,422,2197,14,28.5,18.0,76.0,28.0,0.0
2014-11-01,2,80,557,68,471,7,240,274,2238,47,29.5,15.6,72.0,35.0,0.0
2014-11-02,0,158,510,147,574,2,202,198,1051,0,29.5,16.0,81.0,45.0,0.0
2014-11-03,0,42,160,179,302,1,171,121,2107,13,26.6,17.5,80.0,44.0,0.0
2014-11-04,0,30,200,25,113,0,139,63,1934,21,27.0,17.0,75.0,35.0,1.0
2014-11-05,1,174,546,151,584,7,647,408,1970,19,29.0,15.0,75.0,35.0,0.0
2014-11-06,4,236,433,164,428,7,385,257,2148,22,29.6,17.0,72.0,32.0,0.0
2014-11-07,1,126,373,176,379,2,319,309,1644,14,24.6,18.0,90.0,47.0,28.0
2014-11-08,3,234,355,165,282,7,308,275,1494,34,26.4,17.5,75.0,35.0,0.0
2014-11-09,1,680,359,135,424,4,857,268,502,0,26.2,15.0,75.0,35.0,0.0
2014-11-10,8,335,309,33,125,0,282,284,1620,11,27.5,14.0,84.0,33.0,10.0
2014-11-11,4,188,344,72,171,8,260,256,2134,40,27.0,13.5,74.0,30.0,11.0
2014-11-12,3,452,195,4,184,1,277,318,1815,28,27.0,13.0,78.0,35.0,0.0
2014-11-13,1,386,387,18,70,0,118,257,1408,16,27.3,11.0,82.0,24.0,0.0
2014-11-14,0,259,176,3,99,0,106,334,901,7,26.5,11.7,82.0,31.0,0.0
2014-11-15,0,262,445,126,282,1,507,333,1449,15,26.8,12.5,87.0,32.0,0.0
2014-11-16,0,334,163,216,249,3,548,128,524,0,26.3,11.5,88.0,29.0,0.0
2014-11-17,1,170,278,413,313,0,295,325,1712,30,26.5,10.5,88.0,29.0,0.0
2014-11-18,1,137,331,346,266,5,214,312,1541,27,26.7,11.0,87.0,29.0,0.0
2014-11-19,0,79,187,596,183,2,540,286,1689,17,25.7,11.5,88.0,39.0,0.0
2014-11-20,0,101,236,288,254,11,139,301,1749,17,25.2,10.7,87.0,38.0,0.0
2014-11-21,1,128,146,206,152,2,173,274,1451,14,25.0,10.5,82.0,44.0,0.0
2014-11-22,0,99,148,395,162,6,204,258,2107,5,23.8,10.3,86.0,39.0,0.0
2014-11-23,1,390,48,148,100,3,543,82,406,0,25.3,10.0,86.0,39.0,0.0
2014-11-24,0,88,113,95,200,9,134,265,1885,19,25.0,11.0,86.0,38.0,0.0
2014-11-25,0,112,113,69,228,3,167,327,2503,11,24.5,10.0,81.0,35.0,0.0
2014-11-26,3,387,69,293,118,1,958,266,2723,15,25.2,10.6,81.0,35.0,0.0
2014-11-27,0,122,89,246,177,3,296,223,2755,3,24.0,11.3,82.0,47.0,0.0
2014-11-28,0,57,54,199,99,1,130,258,2671,5,25.3,12.0,88.0,39.0,0.1
2014-11-29,0,88,129,161,61,1,355,187,2274,3,26.1,13.0,82.0,39.0,0.0
2014-11-30,0,33,47,84,7,0,401,124,322,0,26.5,12.5,82.0,39.0,0.0
2014-12-01,0,98,51,106,51,4,87,200,1565,9,0,0,0,0,0
2014-12-02,1,127,64,108,149,0,68,134,2133,6,0,0,0,0,0
2014-12-03,0,109,44,208,49,0,454,196,2209,14,0,0,0,0,0
2014-12-04,0,134,79,63,51,1,402,182,1987,0,0,0,0,0,0
2014-12-05,0,83,29,103,48,0,49,88,2436,0,0,0,0,0,0
2014-12-06,0,112,76,125,76,4,94,99,2150,1,0,0,0,0,0
2014-12-07,0,68,8,32,48,0,26,37,372,0,0,0,0,0,0
2014-12-08,0,94,21,7,47,0,54,75,2057,5,0,0,0,0,0
2014-12-09,0,0,0,0,0,0,0,11,0,0,0,0,0,0,0
2014-12-10,0,0,0,0,0,0,0,23,0,0,0,0,0,0,0
2014-12-11,0,0,0,0,0,0,0,32,0,0,0,0,0,0,0
2014-12-12,0,0,0,0,0,0,0,0,0,0,0,0,0,0,0
2014-12-13,0,0,0,0,0,0,0,15,0,0,0,0,0,0,0
2014-12-14,0,0,0,0,0,0,0,14,0,0,0,0,0,0,0
2014-12-15,0,0,0,0,0,0,0,12,0,0,0,0,0,0,0
2014-12-16,0,0,0,0,0,0,0,15,0,0,0,0,0,0,0
2014-12-17,0,0,0,0,0,0,0,16,0,0,0,0,0,0,0
2014-12-18,0,0,0,0,0,0,0,11,0,0,0,0,0,0,0
2014-12-19,0,0,0,0,0,0,0,9,0,0,0,0,0,0,0
2014-12-20,0,0,0,0,0,0,0,8,0,0,0,0,0,0,0
2014-12-21,0,0,0,0,0,0,0,1,0,0,0,0,0,0,0
2014-12-22,0,0,0,0,0,0,0,13,0,0,0,0,0,0,0
2014-12-23,0,0,0,0,0,0,0,12,0,0,0,0,0,0,0
2014-12-24,0,0,0,0,0,0,0,26,0,0,0,0,0,0,0
2014-12-25,0,0,0,0,0,0,0,2,0,0,0,0,0,0,0
2014-12-26,0,0,0,0,0,0,0,19,0,0,0,0,0,0,0
2014-12-27,0,0,0,0,0,0,0,8,0,0,0,0,0,0,0
2014-12-28,0,0,0,0,0,0,0,0,0,0,0,0,0,0,0
2014-12-29,0,0,0,0,0,0,0,0,0,0,0,0,0,0,0
2014-12-30,0,0,0,0,0,0,0,0,2,0,0,0,0,0,0
2014-12-31,0,0,0,0,0,0,0,0,0,0,0,0,0,0,0
2015-01-01,0,0,0,0,0,0,0,0,0,0,0,0,0,0,0
2015-01-02,0,10,9,0,42,1,21,50,670,0,0,0,0,0,0
2015-01-03,0,9,9,0,38,0,36,19,1263,0,0,0,0,0,0
2015-01-04,0,9,0,0,1,0,33,0,1402,0,0,0,0,0,0
2015-01-05,0,13,20,0,34,0,15,48,984,0,0,0,0,0,0
2015-01-06,0,23,13,0,32,0,34,26,957,0,0,0,0,0,0
2015-01-07,0,16,17,0,36,0,53,45,1057,0,0,0,0,0,0
2015-01-08,0,16,18,0,34,0,22,31,926,1,0,0,0,0,0
2015-01-09,0,3,7,0,37,0,25,20,1130,0,0,0,0,0,0
2015-01-10,0,4,22,0,32,1,37,18,840,0,0,0,0,0,0
2015-01-11,0,3,2,0,20,0,9,3,228,0,0,0,0,0,0
2015-01-12,0,0,12,0,38,1,6,19,664,0,0,0,0,0,0
2015-01-13,0,0,11,0,29,0,16,11,910,0,0,0,0,0,0
2015-01-14,0,17,8,0,43,0,39,5,697,0,0,0,0,0,0
2015-01-15,0,0,5,0,35,0,26,29,827,0,0,0,0,0,0
2015-01-16,0,24,2,0,36,0,12,44,834,0,0,0,0,0,0
2015-01-17,0,2,4,0,34,0,33,15,722,0,0,0,0,0,0
2015-01-18,0,3,0,0,15,0,17,21,301,0,0,0,0,0,0
2015-01-19,0,11,10,0,40,0,14,19,616,0,0,0,0,0,0
2015-01-20,0,9,2,0,38,0,31,4,847,0,0,0,0,0,0
2015-01-21,0,18,9,0,26,0,51,21,582,0,0,0,0,0,0
2015-01-22,0,26,3,0,35,0,42,41,687,0,0,0,0,0,0
2015-01-23,0,8,10,0,37,0,24,17,693,0,0,0,0,0,0
2015-01-24,0,11,0,0,28,0,49,25,653,0,0,0,0,0,0
2015-01-25,0,0,0,0,21,0,8,0,184,0,0,0,0,0,0
2015-01-26,0,6,0,0,39,0,21,27,835,0,0,0,0,0,0
2015-01-27,0,6,2,0,31,0,17,22,833,0,0,0,0,0,0
2015-01-28,0,3,1,0,47,1,73,12,663,0,0,0,0,0,0
2015-01-29,0,18,0,0,30,0,54,21,863,0,0,0,0,0,0
2015-01-30,0,9,0,0,35,0,26,30,813,0,0,0,0,0,0
2015-01-31,0,3,1,0,31,0,97,3,482,0,0,0,0,0,0
2015-02-01,0,0,0,0,19,0,22,7,105,0,0,0,0,0,0
2015-02-02,0,2,2,0,36,0,77,9,751,0,0,0,0,0,0
2015-02-03,0,0,0,0,25,0,58,16,335,0,0,0,0,0,0
2015-02-04,0,2,0,0,33,0,79,0,584,0,0,0,0,0,0
2015-02-05,0,1,0,0,0,0,9,15,713,0,0,0,0,0,0
2015-02-06,0,10,0,0,35,0,14,31,438,0,21.3,8.2,81.0,45.0,0.0
2015-02-07,0,17,0,0,38,0,14,0,545,0,0,0,0,0,0
2015-02-08,0,8,0,0,15,0,11,13,71,0,0,0,0,0,0
2015-02-09,0,41,0,0,34,0,48,15,364,0,0,0,0,0,0
2015-02-10,0,4,10,0,40,0,62,21,241,0,0,0,0,0,0
2015-02-11,0,38,9,0,35,0,33,15,228,0,0,0,0,0,0
2015-02-12,0,1,3,0,39,0,52,10,158,0,0,0,0,0,0
2015-02-13,0,0,5,0,33,0,9,5,325,0,0,0,0,0,0
2015-02-14,0,5,6,0,47,0,92,15,193,0,0,0,0,0,0
2015-02-15,0,8,0,0,1,0,14,1,142,0,0,0,0,0,0
2015-02-16,0,2,7,0,39,0,24,7,217,0,0,0,0,0,0
2015-02-17,0,21,13,0,34,0,24,2,224,5,0,0,0,0,0
2015-02-18,0,41,35,0,32,0,13,31,424,0,0,0,0,0,0
2015-02-19,0,6,6,0,29,0,58,3,729,15,0,0,0,0,0
2015-02-20,0,13,4,0,29,0,0,0,487,0,0,0,0,0,0
2015-02-21,0,21,25,0,45,0,5,6,462,0,0,0,0,0,0
2015-02-22,0,0,0,0,18,0,0,0,151,0,0,0,0,0,0
2015-02-23,0,60,36,0,62,0,40,40,470,0,0,0,0,0,0
2015-02-24,0,19,22,0,50,0,140,76,535,0,0,0,0,0,0
2015-02-25,0,90,21,0,45,0,88,19,419,0,0,0,0,0,0
2015-02-26,0,35,25,0,40,0,60,28,577,0,0,0,0,0,0
2015-02-27,0,30,44,0,44,0,63,42,745,0,0,0,0,0,0
2015-02-28,0,43,33,0,46,2,15,55,663,26,0,0,0,0,0
2015-03-01,0,3,0,0,11,0,17,0,86,0,0,0,0,0,0
2015-03-02,0,25,27,0,42,0,91,15,453,4,0,0,0,0,0
2015-03-03,0,101,11,0,33,0,53,30,927,17,0,0,0,0,0
2015-03-04,0,38,39,0,45,1,49,34,859,12,0,0,0,0,0
2015-03-05,0,84,49,0,39,0,38,28,647,6,0,0,0,0,0
2015-03-06,0,61,18,0,40,0,45,83,810,8,0,0,0,0,0
2015-03-07,0,60,25,0,58,0,60,116,601,4,0,0,0,0,0
2015-03-08,0,10,0,0,0,0,23,1,306,0,0,0,0,0,0
2015-03-09,0,136,33,1,43,2,111,93,774,25,0,0,0,0,0
2015-03-10,0,70,46,0,37,0,104,67,776,17,0,0,0,0,0
2015-03-11,0,42,43,0,47,0,126,98,957,10,0,0,0,0,0
2015-03-12,0,118,38,1,55,0,96,145,783,7,0,0,0,0,0
2015-03-13,0,105,56,0,41,0,195,91,1039,2,26.7,12.7,81.0,50.0,0.0
2015-03-14,0,63,79,0,41,0,152,76,1037,6,0,0,0,0,0
2015-03-15,0,34,1,0,28,0,8,9,230,0,0,0,0,0,0
2015-03-16,0,79,15,0,46,1,35,94,362,17,0,0,0,0,0
2015-03-17,0,116,49,0,37,0,24,92,706,14,0,0,0,0,0
2015-03-18,0,99,17,0,51,0,42,92,878,16,0,0,0,0,0
2015-03-19,0,73,37,0,35,0,21,73,853,9,0,0,0,0,0
2015-03-20,0,7,11,0,39,0,27,38,943,7,0,0,0,0,0
2015-03-21,0,145,115,0,134,0,82,134,852,12,0,0,0,0,0
2015-03-22,0,26,36,0,35,0,45,31,138,0,0,0,0,0,0
2015-03-23,0,60,45,0,37,1,110,55,789,0,32.8,19.6,71.0,32.0,0.0
2015-03-24,0,103,97,0,115,3,167,197,830,6,0,0,0,0,0
2015-03-25,0,98,192,0,262,13,320,157,908,7,31.8,19.2,61.0,35.0,0.0
2015-03-26,0,114,210,7,220,4,217,168,685,20,0,0,0,0,0
2015-03-27,0,126,197,0,260,5,158,196,834,4,0,0,0,0,0
2015-03-28,0,41,231,1,242,3,160,168,726,0,0,0,0,0,0
2015-03-29,0,72,210,0,129,3,185,56,95,0,0,0,0,0,0
2015-03-30,0,109,206,5,175,21,277,291,608,16,0,0,0,0,0
2015-03-31,0,163,283,4,211,7,207,202,753,10,0,0,0,0,0
2015-04-01,0,230,319,0,185,10,213,275,771,7,0,0,0,0,0
2015-04-02,0,256,322,4,256,4,150,286,652,32,0,0,0,0,0
2015-04-03,0,65,296,0,284,1,202,195,605,0,0,0,0,0,0
2015-04-04,0,140,419,1,236,5,279,252,575,24,0,0,0,0,0
2015-04-05,0,50,265,1,176,17,147,263,113,0,0,0,0,0,0
2015-04-06,0,75,359,3,207,9,128,330,166,14,26.5,18.5,77.0,54.0,0.0
2015-04-07,0,141,302,0,194,10,147,372,532,6,0,0,0,0,0
2015-04-08,0,329,334,0,187,12,132,374,713,26,0,0,0,0,0
2015-04-09,0,101,322,1,297,14,185,448,737,17,0,0,0,0,0
2015-04-10,0,129,287,0,205,5,150,348,622,30,0,0,0,0,0
2015-04-11,0,117,328,0,276,12,165,269,745,22,0,0,0,0,0
2015-04-12,0,76,201,0,146,2,75,150,97,0,0,0,0,0,0
2015-04-13,0,74,113,0,109,0,98,400,544,23,0,0,0,0,0
2015-04-14,0,68,137,0,72,5,93,315,762,34,0,0,0,0,0
2015-04-15,0,55,111,3,76,0,95,263,791,26,0,0,0,0,0
2015-04-16,0,59,84,0,68,1,64,303,668,27,0,0,0,0,0
2015-04-17,0,40,133,0,113,5,68,266,856,9,0,0,0,0,0
2015-04-18,0,68,215,4,184,7,145,276,614,17,0,0,0,0,0
2015-04-19,0,36,192,0,137,17,164,228,84,0,0,0,0,0,0
2015-04-20,0,62,242,35,177,9,173,428,757,22,0,0,0,0,0
2015-04-21,0,80,195,18,153,4,114,276,722,36,0,0,0,0,0
2015-04-22,0,81,293,0,197,15,231,312,833,18,0,0,0,0,0
2015-04-23,0,96,287,1,204,8,204,386,785,20,0,0,0,0,0
2015-04-24,0,79,266,6,271,5,145,326,747,12,0,0,0,0,0
2015-04-25,0,59,208,2,180,9,163,329,725,30,0,0,0,0,0
2015-04-26,0,29,118,2,68,1,141,219,110,0,0,0,0,0,0
2015-04-27,0,132,266,1,119,8,165,400,550,27,0,0,0,0,0
2015-04-28,0,94,289,20,197,9,201,340,711,28,0,0,0,0,0
2015-04-29,0,140,347,4,206,1,158,436,815,16,0,0,0,0,0
2015-04-30,0,95,207,3,148,1,204,294,617,3,0,0,0,0,0
2015-05-01,0,5,11,0,33,0,9,35,518,4,0,0,0,0,0
2015-05-02,0,53,136,19,133,1,141,335,761,24,0,0,0,0,0
2015-05-03,0,98,68,0,50,0,88,124,97,0,0,0,0,0,0
2015-05-04,0,73,121,31,67,2,79,380,713,26,0,0,0,0,0
2015-05-05,0,93,132,13,75,2,101,301,758,10,0,0,0,0,0
2015-05-06,0,69,57,0,77,3,84,281,853,30,0,0,0,0,0
2015-05-07,0,57,186,19,169,6,67,284,937,34,0,0,0,0,0
2015-05-08,0,62,66,0,97,0,86,213,828,13,0,0,0,0,0
2015-05-09,0,46,129,7,65,11,141,271,762,16,0,0,0,0,0
2015-05-10,0,11,47,1,66,0,60,38,109,0,0,0,0,0,0
2015-05-11,0,85,121,1,53,8,149,371,703,16,0,0,0,0,0
2015-05-12,0,125,266,2,67,0,163,456,754,8,0,0,0,0,0
2015-05-13,0,95,189,1,90,15,142,454,877,22,0,0,0,0,0
2015-05-14,0,79,169,0,117,4,214,652,830,11,0,0,0,0,0
2015-05-15,0,77,209,11,89,7,283,592,893,8,0,0,0,0,0
2015-05-16,0,154,201,6,69,4,211,514,860,25,0,0,0,0,0
2015-05-17,0,13,88,1,23,0,36,146,100,0,0,0,0,0,0
2015-05-18,0,47,172,0,36,5,86,509,805,16,0,0,0,0,0
2015-05-19,0,44,224,0,63,4,80,573,954,15,0,0,0,0,0
2015-05-20,0,65,179,3,71,24,115,643,877,13,0,0,0,0,0
2015-05-21,0,227,88,0,85,10,79,510,864,20,0,0,0,0,0
2015-05-22,0,77,95,0,83,16,71,564,829,11,0,0,0,0,0
2015-05-23,0,79,195,0,96,6,162,530,751,16,0,0,0,0,0
2015-05-24,0,22,134,5,18,0,15,52,88,0,0,0,0,0,0
2015-05-25,0,95,179,4,100,17,175,544,640,20,0,0,0,0,0
2015-05-26,0,116,144,0,86,3,119,357,556,12,0,0,0,0,0
2015-05-27,0,172,200,0,68,6,252,595,987,43,0,0,0,0,0
2015-05-28,0,85,196,0,58,4,115,535,820,17,0,0,0,0,0
2015-05-29,0,91,152,0,57,2,143,412,1001,6,0,0,0,0,0
2015-05-30,0,146,210,0,51,4,267,451,838,6,0,0,0,0,0
2015-05-31,0,2,16,0,14,0,17,20,38,0,0,0,0,0,0
2015-06-01,0,72,204,0,26,3,189,417,695,32,0,0,0,0,0
2015-06-02,0,103,141,1,46,1,170,594,777,12,0,0,0,0,0
2015-06-03,0,119,172,0,72,17,235,474,851,22,0,0,0,0,0
2015-06-04,0,680,137,0,84,4,461,524,837,10,0,0,0,0,0
2015-06-05,0,168,145,0,45,7,208,424,797,10,0,0,0,0,0
2015-06-06,0,102,150,0,43,28,170,335,763,22,0,0,0,0,0
2015-06-07,0,13,0,0,43,0,34,56,75,1,0,0,0,0,0
2015-06-08,0,160,68,0,59,5,93,514,636,10,0,0,0,0,0
2015-06-09,0,150,197,0,51,5,160,494,658,11,0,0,0,0,0
2015-06-10,0,162,155,0,76,3,77,490,704,26,0,0,0,0,0
2015-06-11,0,479,136,0,20,1,255,477,745,44,0,0,0,0,0
2015-06-12,0,126,150,0,20,0,66,436,684,4,40.7,26.0,60.0,32.0,0.0
2015-06-13,0,144,93,0,40,11,66,323,770,22,0,0,0,0,0
2015-06-14,0,32,1,0,2,0,19,5,102,0,0,0,0,0,0
2015-06-15,0,983,58,0,80,1,104,259,716,42,0,0,0,0,0
2015-06-16,0,220,99,0,48,4,130,355,811,9,0,0,0,0,0
2015-06-17,0,195,97,5,59,3,180,440,875,6,0,0,0,0,0
2015-06-18,0,277,117,0,85,3,364,504,734,21,0,0,0,0,0
2015-06-19,0,139,74,3,86,0,154,298,438,2,0,0,0,0,0
2015-06-20,0,85,78,0,160,0,126,315,673,9,0,0,0,0,0
2015-06-21,0,58,1,0,36,0,31,25,118,0,37.3,23.0,70.0,41.0,1.1
2015-06-22,1,194,105,10,61,4,198,425,647,26,0,0,0,0,0
2015-06-23,0,193,188,0,59,2,152,480,563,11,0,0,0,0,0
2015-06-24,0,158,126,0,117,0,215,359,585,27,0,0,0,0,0
2015-06-25,0,163,358,0,99,4,194,381,630,21,0,0,0,0,0
2015-06-26,0,133,96,0,204,1,149,455,728,0,0,0,0,0,0
2015-06-27,0,219,241,0,196,1,226,357,698,32,0,0,0,0,0
2015-06-28,0,45,9,0,21,1,25,6,131,0,0,0,0,0,0
2015-06-29,0,80,198,0,160,1,265,414,505,13,0,0,0,0,0
2015-06-30,0,177,259,0,108,0,320,431,686,21,0,0,0,0,0
2015-07-01,0,173,292,0,129,4,312,442,739,30,0,0,0,0,0
2015-07-02,0,202,191,0,73,3,302,485,723,23,0,0,0,0,0
2015-07-03,0,131,169,1,91,2,225,364,693,0,0,0,0,0,0
2015-07-04,0,130,225,0,119,5,257,288,694,22,0,0,0,0,0
2015-07-05,0,1,53,0,126,0,40,65,91,0,0,0,0,0,0
2015-07-06,0,82,337,0,230,5,321,371,598,12,0,0,0,0,0
2015-07-07,0,165,390,0,227,1,350,427,599,11,0,0,0,0,0
2015-07-08,0,89,208,0,135,2,294,371,739,22,0,0,0,0,0
2015-07-09,0,133,161,0,86,0,319,316,544,27,36.2,23.2,77.0,56.0,0.0
2015-07-10,0,113,189,0,53,2,266,277,725,12,0,0,0,0,0
2015-07-11,0,58,232,0,51,2,204,299,790,29,0,0,0,0,0
2015-07-12,0,0,3,1,18,0,12,37,89,0,29.2,23.5,93.0,89.0,14.2
2015-07-13,0,190,330,6,75,2,231,350,469,25,0,0,0,0,0
2015-07-14,0,81,518,0,256,3,302,468,667,20,34.0,27.3,84.0,57.0,0.1
2015-07-15,0,151,267,2,117,2,245,352,665,13,0,0,0,0,0
2015-07-16,0,107,342,54,154,3,210,316,774,23,0,0,0,0,0
2015-07-17,0,100,228,67,112,1,143,178,520,31,0,0,0,0,0
2015-07-18,0,99,225,0,40,0,112,69,306,45,0,0,0,0,0
2015-07-19,0,57,165,1,51,0,131,111,246,11,0,0,0,0,0
2015-07-20,0,61,168,0,49,2,129,75,303,31,0,0,0,0,0
2015-07-21,0,32,213,0,48,2,184,124,487,31,0,0,0,0,0
2015-07-22,0,121,380,23,197,2,320,527,615,6,0,0,0,0,0
2015-07-23,0,174,524,0,268,0,411,549,570,13,0,0,0,0,0
2015-07-24,0,98,548,0,231,0,402,570,845,1,0,0,0,0,0
2015-07-25,0,89,663,20,339,9,418,443,1152,18,0,0,0,0,0
2015-07-26,0,67,434,9,162,3,313,227,3279,0,0,0,0,0,0
2015-07-27,0,120,658,2,263,2,325,502,6095,26,0,0,0,0,0
2015-07-28,0,175,884,1,256,1,225,513,6026,29,0,0,0,0,0
2015-07-29,0,93,629,25,188,0,365,634,5747,7,0,0,0,0,0
2015-07-30,0,253,277,2,85,0,69,406,952,13,0,0,0,0,0
2015-07-31,0,157,737,19,197,4,284,770,4007,40,0,0,0,0,0
2015-08-01,0,118,936,1,273,0,344,843,4331,23,0,0,0,0,0
2015-08-02,0,217,658,7,221,0,256,501,2859,47,0,0,0,0,0
2015-08-03,0,142,712,0,147,4,223,653,3154,34,0,0,0,0,0
2015-08-04,0,107,616,0,225,6,383,686,3328,28,34.4,28.4,88.0,80.0,8.3
2015-08-05,0,137,629,0,274,0,237,675,3417,7,0,0,0,0,0
2015-08-06,0,176,622,0,317,1,248,777,3832,32,0,0,0,0,0
2015-08-07,0,212,582,27,260,3,262,752,3038,20,0,0,0,0,0
2015-08-08,0,179,843,12,271,4,179,759,2973,10,0,0,0,0,0
2015-08-09,0,119,645,0,509,1,206,540,1126,0,0,0,0,0,0
2015-08-10,0,155,778,3,254,6,303,973,2699,40,0,0,0,0,0
2015-08-11,0,141,914,0,447,8,194,854,2301,18,0,0,0,0,0
2015-08-12,0,135,721,35,308,3,322,863,2421,20,0,0,0,0,0
2015-08-13,0,159,912,13,404,3,245,793,2368,19,0,0,0,0,0
2015-08-14,0,55,486,4,241,0,228,491,2196,1,0,0,0,0,0
2015-08-15,1,106,846,3,416,1,280,813,2478,29,0,0,0,0,0
2015-08-16,1,42,617,15,292,4,167,570,690,0,0,0,0,0,0
2015-08-17,0,110,580,1,225,3,226,806,2841,36,0,0,0,0,0
2015-08-18,1,137,645,2,294,1,335,760,2147,10,0,0,0,0,0
2015-08-19,0,156,504,0,206,0,185,726,2738,25,0,0,0,0,0
2015-08-20,0,129,534,1,269,2,143,695,2503,38,0,0,0,0,0
2015-08-21,1,125,536,6,163,0,154,711,1822,17,0,0,0,0,0
2015-08-22,0,147,764,14,337,9,245,734,2475,6,0,0,0,0,0
2015-08-23,0,34,575,71,189,1,199,488,728,0,0,0,0,0,0
2015-08-24,0,172,1018,5,298,3,401,872,2623,24,0,0,0,0,0
2015-08-25,0,206,1016,2,381,2,318,853,2455,28,0,0,0,0,0
2015-08-26,0,94,971,22,357,1,197,881,2474,28,0,0,0,0,0
2015-08-27,0,102,1012,4,251,1,165,702,2483,16,0,0,0,0,0
2015-08-28,0,157,893,7,343,5,270,847,2223,11,0,0,0,0,0
2015-08-29,0,59,830,18,368,4,154,672,2108,21,36.5,29.0,63.0,61.0,0.0
2015-08-30,0,36,654,0,258,0,105,466,907,0,0,0,0,0,0
2015-08-31,1,127,803,2,200,16,254,767,2120,32,0,0,0,0,0
2015-09-01,1,108,726,25,283,3,149,700,2084,10,0,0,0,0,0
2015-09-02,0,96,769,25,265,1,179,717,1940,10,0,0,0,0,0
2015-09-03,0,165,676,0,325,3,233,663,2342,20,0,0,0,0,0
2015-09-04,0,93,633,1,261,1,184,673,2067,18,0,0,0,0,0
2015-09-05,0,132,657,1,297,3,212,618,1313,14,0,0,0,0,0
2015-09-06,1,84,466,1,283,0,96,502,563,0,36.0,24.0,49.0,64.0,0.0
2015-09-07,0,165,665,2,277,2,194,728,1694,37,0,0,0,0,0
2015-09-08,1,137,774,1,302,2,205,794,2230,5,0,0,0,0,0
2015-09-09,0,87,539,7,178,3,171,739,1539,12,0,0,0,0,0
2015-09-10,0,173,683,2,333,1,267,793,1970,32,0,0,0,0,0
2015-09-11,0,0,25,0,214,0,121,5,223,0,0,0,0,0,0
2015-09-12,0,0,37,0,312,0,83,14,302,0,0,0,0,0,0
2015-09-13,0,3,92,0,117,5,70,53,186,0,0,0,0,0,0
2015-09-14,0,85,96,0,119,0,65,502,880,18,0,0,0,0,0
2015-09-15,0,128,138,0,80,2,65,533,2218,20,0,0,0,0,0
2015-09-16,0,59,0,0,88,0,12,65,212,0,0,0,0,0,0
2015-09-17,1,65,80,1,42,1,47,500,1139,3,0,0,0,0,0
2015-09-18,1,82,45,0,110,0,29,396,319,0,0,0,0,0,0
2015-09-19,2,123,325,0,202,0,148,518,1111,9,0,0,0,0,0
2015-09-20,0,110,252,0,169,0,120,551,635,1,0,0,0,0,0
2015-09-21,2,9,62,0,266,0,154,232,235,0,0,0,0,0,0
2015-09-22,2,176,305,0,199,3,176,675,559,2,0,0,0,0,0
2015-09-23,1,123,332,0,188,1,167,674,831,5,0,0,0,0,0
2015-09-24,0,60,101,0,125,0,101,251,56,0,0,0,0,0,0
2015-09-25,0,40,52,0,21,1,63,116,59,6,0,0,0,0,0
2015-09-26,0,59,81,0,8,0,53,188,184,10,0,0,0,0,0
2015-09-27,0,58,104,0,73,0,85,183,235,19,0,0,0,0,0
2015-09-28,0,21,85,0,156,1,55,228,221,0,0,0,0,0,0
2015-09-29,1,16,394,0,220,0,135,426,255,0,0,0,0,0,0
2015-09-30,0,24,517,0,372,2,188,537,320,1,0,0,0,0,0
2015-10-01,0,86,468,0,149,0,181,559,887,8,0,0,0,0,0
2015-10-02,2,69,375,21,212,1,174,660,1448,9,0,0,0,0,0
2015-10-03,0,152,494,0,129,0,125,643,684,15,0,0,0,0,0
2015-10-04,0,18,269,10,130,0,174,379,139,0,0,0,0,0,0
2015-10-05,0,43,73,0,0,0,49,151,307,2,0,0,0,0,0
2015-10-06,0,71,439,0,54,0,131,689,747,11,0,0,0,0,0
2015-10-07,0,45,473,0,241,4,96,682,557,2,34.6,23.7,58.0,37.0,0.0
2015-10-08,1,29,296,1,180,0,53,221,199,1,0,0,0,0,0
2015-10-09,0,11,158,0,34,1,13,123,110,4,0,0,0,0,0
2015-10-10,0,61,395,0,142,6,114,587,795,3,0,0,0,0,0
2015-10-11,0,0,4,0,14,0,13,24,4,0,34.9,22.5,44.0,31.0,0.0
2015-10-12,0,161,558,4,144,6,156,809,698,30,0,0,0,0,0
2015-10-13,0,12,75,2,305,0,16,112,163,7,0,0,0,0,0
2015-10-14,0,15,157,7,151,0,3,131,131,0,0,0,0,0,0
2015-10-15,1,135,318,44,199,0,124,646,582,52,0,0,0,0,0
2015-10-16,0,5,81,0,182,1,23,112,92,2,0,0,0,0,0
2015-10-17,1,16,111,6,93,0,26,200,168,7,0,0,0,0,0
2015-10-18,0,19,127,14,97,0,84,433,321,12,0,0,0,0,0
2015-10-19,2,140,459,8,219,1,177,763,972,44,27.8,20.5,82.0,58.0,0.0
2015-10-20,0,11,36,2,197,0,2,41,83,0,0,0,0,0,0
2015-10-21,0,5,43,0,313,0,7,36,44,0,0,0,0,0,0
2015-10-22,1,40,142,2,325,0,47,264,404,5,0,0,0,0,0
2015-10-23,1,3,90,22,261,0,26,100,169,2,0,0,0,0,0
2015-10-24,0,5,42,4,64,0,71,129,242,3,0,0,0,0,0
2015-10-25,4,30,311,4,227,0,101,301,45,10,0,0,0,0,0
2015-10-26,0,113,470,68,248,0,198,772,661,11,0,0,0,0,0
2015-10-27,1,34,119,50,94,0,16,171,149,5,0,0,0,0,0
2015-10-28,28,26,123,41,179,1,16,96,163,9,0,0,0,0,0
2015-10-29,1,22,41,5,296,0,15,89,117,0,0,0,0,0,0
2015-10-30,0,12,56,1,234,6,32,106,70,0,0,0,0,0,0
2015-10-31,0,0,7,0,16,0,0,38,91,0,0,0,0,0,0
2015-11-01,0,11,47,0,51,1,15,98,51,0,0,0,0,0,0
2015-11-02,0,174,436,105,290,0,149,801,957,7,0,0,0,0,0
2015-11-03,0,128,386,88,325,5,181,693,768,24,0,0,0,0,0
2015-11-04,0,20,87,3,227,2,27,172,219,0,0,0,0,0,0
2015-11-05,0,113,407,26,41,6,136,609,947,20,0,0,0,0,0
2015-11-06,0,20,56,15,194,0,19,103,134,1,0,0,0,0,0
2015-11-07,0,142,283,25,74,5,117,535,577,15,26.6,13.6,60.0,43.0,0.0
2015-11-08,0,11,34,3,74,0,42,107,26,0,0,0,0,0,0
2015-11-09,3,98,258,50,67,6,138,655,527,19,0,0,0,0,0
2015-11-10,36,9,118,23,200,4,29,143,122,8,0,0,0,0,0
2015-11-11,3,80,320,69,165,1,174,746,843,6,0,0,0,0,0
2015-11-12,2,42,116,41,232,2,40,304,186,1,0,0,0,0,0
2015-11-13,4,10,84,0,212,0,31,184,130,0,0,0,0,0,0
2015-11-14,1,64,275,158,147,5,89,528,513,9,0,0,0,0,0
2015-11-15,0,0,76,7,157,0,63,40,75,0,0,0,0,0,0
2015-11-16,0,64,260,0,128,2,134,717,680,12,0,0,0,0,0
2015-11-17,1,97,78,18,17,0,30,461,830,17,0,0,0,0,0
2015-11-18,2,64,82,93,23,0,48,381,975,19,0,0,0,0,0
2015-11-19,0,15,66,42,51,0,36,343,865,0,28.0,11.2,63.0,43.0,0.0
2015-11-20,7,51,53,28,31,0,67,275,1075,29,0,0,0,0,0
2015-11-21,1,27,55,1,82,1,25,257,723,0,0,0,0,0,0
2015-11-22,0,14,80,11,75,0,121,269,52,0,0,0,0,0,0
2015-11-23,1,105,180,0,118,8,155,701,1313,1,0,0,0,0,0
2015-11-24,0,62,311,1,235,11,142,610,1458,45,25.5,10.5,65.0,44.0,0.0
2015-11-25,2,80,244,3,104,10,141,714,1607,10,0,0,0,0,0
2015-11-26,0,105,276,1,157,2,170,716,1472,12,0,0,0,0,0
2015-11-27,1,53,233,30,77,9,76,626,1248,14,0,0,0,0,0
2015-11-28,3,76,247,8,152,1,110,558,1335,0,0,0,0,0,0
2015-11-29,0,21,122,0,71,0,141,420,158,4,0,0,0,0,0
2015-11-30,1,64,226,0,164,0,133,683,1136,8,0,0,0,0,0
2015-12-01,0,77,280,31,115,4,171,671,871,16,0,0,0,0,0
2015-12-02,0,20,204,1,113,1,165,542,1091,0,0,0,0,0,0
2015-12-03,1,15,97,7,217,0,176,528,1084,14,0,0,0,0,0
2015-12-04,9,62,150,0,92,0,163,597,1175,12,0,0,0,0,0
2015-12-05,2,69,129,0,141,2,96,597,1043,0,0,0,0,0,0
2015-12-06,3,34,92,0,39,0,71,364,30,0,0,0,0,0,0
2015-12-07,2,51,146,0,85,0,123,727,856,13,0,0,0,0,0
2015-12-08,3,92,230,0,110,0,173,438,1016,29,0,0,0,0,0
2015-12-09,4,76,215,0,72,0,189,515,657,3,0,0,0,0,0
2015-12-10,2,94,163,0,94,1,82,485,1146,0,0,0,0,0,0
2015-12-11,0,54,110,0,74,0,118,397,1020,16,0,0,0,0,0
2015-12-12,0,36,39,0,79,0,75,407,1030,1,0,0,0,0,0
2015-12-13,1,19,13,0,2,0,123,228,15,0,0,0,0,0,0
2015-12-14,0,44,22,0,34,15,60,181,1177,0,0,0,0,0,0
2015-12-15,0,59,51,0,47,5,88,288,1091,28,0,0,0,0,0
2015-12-16,0,20,40,0,45,0,57,166,869,11,0,0,0,0,0
2015-12-17,0,65,30,0,25,1,58,171,1085,0,6.0,19.5,48.0,30.0,0.0
2015-12-18,0,31,91,0,182,10,124,351,1045,4,0,0,0,0,0
2015-12-19,0,31,54,0,48,1,59,355,1243,0,0,0,0,0,0
2015-12-20,0,6,0,0,0,0,17,4,100,0,0,0,0,0,0
2015-12-21,0,39,24,0,49,0,48,151,1176,0,0,0,0,0,0
2015-12-22,2,28,28,0,17,0,33,155,1043,8,0,0,0,0,0
2015-12-23,0,12,30,0,28,0,29,166,911,6,0,0,0,0,0
2015-12-24,0,1,4,0,18,0,9,6,494,0,0,0,0,0,0
2015-12-25,0,1,7,0,18,0,6,4,156,0,0,0,0,0,0
2015-12-26,0,3,3,0,36,0,66,78,360,0,0,0,0,0,0
2015-12-27,0,6,0,0,17,0,24,3,36,0,0,0,0,0,0
2015-12-28,0,112,67,0,23,0,136,312,900,10,0,0,0,0,0
2015-12-29,4,46,79,0,57,1,63,388,1023,3,0,0,0,0,0
2015-12-30,1,8,70,0,33,1,132,359,1130,10,0,0,0,0,0
2015-12-31,1,14,61,0,29,0,131,281,980,0,0,0,0,0,0
